"run","KPI","pooled","separate","difference"
1,"Avg_Waiting_room_delay",0.0247231137264159,0.0518730667447149,-0.027149953018299
1,"Avg_Access_time_days",1.13799283154122,2.92293906810036,-1.78494623655914
1,"Fraction_overtime",0.0017921146953405,0.00537634408602151,-0.003584229390681
1,"Avg_Overtime_amount",4.33644723983012e-05,0.00277664220985875,-0.00273327773746045
2,"Avg_Waiting_room_delay",0.0454984192695274,0.0587260260634032,-0.0132276067938759
2,"Avg_Access_time_days",1.05996472663139,1.98236331569665,-0.922398589065256
2,"Fraction_overtime",0.00352733686067019,0.00352733686067019,0
2,"Avg_Overtime_amount",0.00106091506097568,0.00041132725817366,0.000649587802802023
3,"Avg_Waiting_room_delay",0.0480389529111453,0.0570948834276845,-0.0090559305165392
3,"Avg_Access_time_days",1.22586520947177,3.00910746812386,-1.78324225865209
3,"Fraction_overtime",0.00182149362477231,0.00364298724954463,-0.00182149362477231
3,"Avg_Overtime_amount",0.000260182420785822,0.000387531640988382,-0.00012734922020256
4,"Avg_Waiting_room_delay",0.0345072922351817,0.0568459478680551,-0.0223386556328734
4,"Avg_Access_time_days",1.0754039497307,2.42190305206463,-1.34649910233393
4,"Fraction_overtime",0.00179533213644524,0.00359066427289048,-0.00179533213644524
4,"Avg_Overtime_amount",0.00100899515388062,0.00127571783050498,-0.000266722676624358
5,"Avg_Waiting_room_delay",0.0386911889535185,0.0603343802096949,-0.0216431912561764
5,"Avg_Access_time_days",1.15925925925926,2.56481481481481,-1.40555555555556
5,"Fraction_overtime",0,0.00740740740740741,-0.00740740740740741
5,"Avg_Overtime_amount",0,0.00206285375063596,-0.00206285375063596
6,"Avg_Waiting_room_delay",0.0456468332017229,0.097278922026184,-0.051632088824461
6,"Avg_Access_time_days",1.06410256410256,2.47252747252747,-1.40842490842491
6,"Fraction_overtime",0,0.00732600732600733,-0.00732600732600733
6,"Avg_Overtime_amount",0,0.00386086711282362,-0.00386086711282362
7,"Avg_Waiting_room_delay",0.0374597626410427,0.0506037454244859,-0.0131439827834432
7,"Avg_Access_time_days",1.14007092198582,2.06560283687943,-0.925531914893617
7,"Fraction_overtime",0.00709219858156028,0,0.00709219858156028
7,"Avg_Overtime_amount",0.0017758397288672,0,0.0017758397288672
8,"Avg_Waiting_room_delay",0.0391974367870854,0.0570049083605305,-0.0178074715734451
8,"Avg_Access_time_days",1.0729537366548,1.69395017793594,-0.620996441281139
8,"Fraction_overtime",0.00355871886120996,0,0.00355871886120996
8,"Avg_Overtime_amount",0.000562588090744359,0,0.000562588090744359
9,"Avg_Waiting_room_delay",0.0405607914800916,0.0567695080313184,-0.0162087165512268
9,"Avg_Access_time_days",1.09297912713472,2.17647058823529,-1.08349146110057
9,"Fraction_overtime",0.00189753320683112,0.00189753320683112,0
9,"Avg_Overtime_amount",0.00072321610601951,0.0010033734236106,-0.000280157317591095
10,"Avg_Waiting_room_delay",0.0586797890963964,0.05699083199746,0.00168895709893639
10,"Avg_Access_time_days",1.12653778558875,2.07381370826011,-0.947275922671353
10,"Fraction_overtime",0.00527240773286467,0.00527240773286467,0
10,"Avg_Overtime_amount",0.00217258584601863,0.0011822193963696,0.000990366449649029
11,"Avg_Waiting_room_delay",0.0394459574766403,0.0530144483497458,-0.0135684908731055
11,"Avg_Access_time_days",1.11795774647887,2.77112676056338,-1.65316901408451
11,"Fraction_overtime",0.00704225352112676,0.00704225352112676,0
11,"Avg_Overtime_amount",0.00101462243950142,0.00295191268787639,-0.00193729024837497
12,"Avg_Waiting_room_delay",0.0289334583421353,0.0562435531635531,-0.0273100948214178
12,"Avg_Access_time_days",1.1594982078853,3.18279569892473,-2.02329749103943
12,"Fraction_overtime",0.0017921146953405,0.003584229390681,-0.0017921146953405
12,"Avg_Overtime_amount",9.52043779025627e-05,0.00087383704880931,-0.000778632670906747
13,"Avg_Waiting_room_delay",0.0399287672752278,0.0588854567113655,-0.0189566894361377
13,"Avg_Access_time_days",1.10070671378092,2.37279151943463,-1.27208480565371
13,"Fraction_overtime",0,0.00176678445229682,-0.00176678445229682
13,"Avg_Overtime_amount",0,0.000873057209526307,-0.000873057209526307
14,"Avg_Waiting_room_delay",0.03836076959104,0.0645679463505137,-0.0262071767594737
14,"Avg_Access_time_days",1.20987654320988,2.52028218694885,-1.31040564373898
14,"Fraction_overtime",0,0.00352733686067019,-0.00352733686067019
14,"Avg_Overtime_amount",0,0.00222425386213747,-0.00222425386213747
15,"Avg_Waiting_room_delay",0.0442305173246702,0.0591365893500399,-0.0149060720253697
15,"Avg_Access_time_days",1.12673611111111,2.47916666666667,-1.35243055555556
15,"Fraction_overtime",0.00520833333333333,0.00520833333333333,0
15,"Avg_Overtime_amount",0.000709653161385925,0.00204853386368227,-0.00133888070229635
16,"Avg_Waiting_room_delay",0.0456236972578803,0.0655306570694523,-0.019906959811572
16,"Avg_Access_time_days",1.12673611111111,2.33506944444444,-1.20833333333333
16,"Fraction_overtime",0.00173611111111111,0.00347222222222222,-0.00173611111111111
16,"Avg_Overtime_amount",0.000296164921596725,0.0018163589710158,-0.00152019404941908
17,"Avg_Waiting_room_delay",0.0370826026182078,0.0617546321166108,-0.024672029498403
17,"Avg_Access_time_days",1.21739130434783,2.32521739130435,-1.10782608695652
17,"Fraction_overtime",0,0.00521739130434783,-0.00521739130434783
17,"Avg_Overtime_amount",0,0.00188172281028556,-0.00188172281028556
18,"Avg_Waiting_room_delay",0.034130992618736,0.059013816657566,-0.02488282403883
18,"Avg_Access_time_days",1.15601503759399,1.9906015037594,-0.834586466165413
18,"Fraction_overtime",0.0018796992481203,0.0037593984962406,-0.0018796992481203
18,"Avg_Overtime_amount",0.000675030328204592,5.51188930978678e-05,0.000619911435106724
19,"Avg_Waiting_room_delay",0.0430649615847257,0.0760047025543839,-0.0329397409696583
19,"Avg_Access_time_days",1.17748091603053,2.52862595419847,-1.35114503816794
19,"Fraction_overtime",0.00572519083969466,0.00190839694656489,0.00381679389312977
19,"Avg_Overtime_amount",0.000905720038860913,0.00104246161223886,-0.000136741573377944
20,"Avg_Waiting_room_delay",0.044484353274308,0.0874650729208605,-0.0429807196465525
20,"Avg_Access_time_days",1.11449016100179,2.73166368515206,-1.61717352415027
20,"Fraction_overtime",0.00178890876565295,0.00536672629695885,-0.0035778175313059
20,"Avg_Overtime_amount",0.000257646110913618,0.00124877886049958,-0.00099113274958596
21,"Avg_Waiting_room_delay",0.0695186235880214,0.0722323141255584,-0.00271369053753692
21,"Avg_Access_time_days",1.09838998211091,2.41860465116279,-1.32021466905188
21,"Fraction_overtime",0.0035778175313059,0.00536672629695885,-0.00178890876565295
21,"Avg_Overtime_amount",0.000964856079286582,0.00267676141452257,-0.00171190533523599
22,"Avg_Waiting_room_delay",0.0386253088346695,0.0634357512023427,-0.0248104423676732
22,"Avg_Access_time_days",1.22241086587436,2.99660441426146,-1.7741935483871
22,"Fraction_overtime",0.0033955857385399,0,0.0033955857385399
22,"Avg_Overtime_amount",0.000808731498383799,0,0.000808731498383799
23,"Avg_Waiting_room_delay",0.03675848170913,0.0610843317013222,-0.0243258499921922
23,"Avg_Access_time_days",1.07956600361664,2.27848101265823,-1.19891500904159
23,"Fraction_overtime",0.00180831826401447,0.00180831826401447,0
23,"Avg_Overtime_amount",0.000249550534436725,0.00172780170292846,-0.00147825116849173
24,"Avg_Waiting_room_delay",0.0443477531044428,0.0852042552957523,-0.0408565021913095
24,"Avg_Access_time_days",1.19516728624535,2.13754646840149,-0.942379182156134
24,"Fraction_overtime",0.00185873605947955,0.00185873605947955,0
24,"Avg_Overtime_amount",0.000506578096197625,0.00111291712167465,-0.000606339025477024
25,"Avg_Waiting_room_delay",0.0429118861761539,0.0432752374745036,-0.000363351298349621
25,"Avg_Access_time_days",1.15635738831615,2.946735395189,-1.79037800687285
25,"Fraction_overtime",0.00343642611683849,0,0.00343642611683849
25,"Avg_Overtime_amount",0.000213417877819219,0,0.000213417877819219
26,"Avg_Waiting_room_delay",0.0461343414116109,0.0713504083610282,-0.0252160669494172
26,"Avg_Access_time_days",1.25744308231173,2.02276707530648,-0.765323992994746
26,"Fraction_overtime",0,0.00700525394045534,-0.00700525394045534
26,"Avg_Overtime_amount",0,0.00569229973153581,-0.00569229973153581
27,"Avg_Waiting_room_delay",0.0435194265670267,0.0504905291395184,-0.00697110257249176
27,"Avg_Access_time_days",1.13924050632911,2.64014466546112,-1.50090415913201
27,"Fraction_overtime",0.00180831826401447,0.00361663652802893,-0.00180831826401447
27,"Avg_Overtime_amount",4.30381752692407e-05,0.00186611113676811,-0.00182307296149887
28,"Avg_Waiting_room_delay",0.0365084009613664,0.0626990761791287,-0.0261906752177623
28,"Avg_Access_time_days",1.21217391304348,2.70260869565217,-1.4904347826087
28,"Fraction_overtime",0.00173913043478261,0,0.00173913043478261
28,"Avg_Overtime_amount",0.00142395967528922,0,0.00142395967528922
29,"Avg_Waiting_room_delay",0.0414576297125342,0.0608288709278295,-0.0193712412152953
29,"Avg_Access_time_days",1.13627992633518,2.54696132596685,-1.41068139963168
29,"Fraction_overtime",0.00552486187845304,0.00184162062615101,0.00368324125230203
29,"Avg_Overtime_amount",0.000525856921546395,0.000425109676350934,0.000100747245195461
30,"Avg_Waiting_room_delay",0.0534341181885651,0.0497076961631655,0.00372642202539965
30,"Avg_Access_time_days",1.05882352941176,2.8436974789916,-1.78487394957983
30,"Fraction_overtime",0.00504201680672269,0.00168067226890756,0.00336134453781513
30,"Avg_Overtime_amount",0.00462296774547009,0.000245377612089536,0.00437759013338055
31,"Avg_Waiting_room_delay",0.0459273502100051,0.0513828727048391,-0.00545552249483397
31,"Avg_Access_time_days",1.05100182149362,2.16211293260474,-1.11111111111111
31,"Fraction_overtime",0.00728597449908925,0,0.00728597449908925
31,"Avg_Overtime_amount",0.000738431062757373,0,0.000738431062757373
32,"Avg_Waiting_room_delay",0.0351396197310405,0.0828356169964517,-0.0476959972654112
32,"Avg_Access_time_days",1.09424083769634,2.33158813263525,-1.23734729493892
32,"Fraction_overtime",0.00174520069808028,0.00523560209424084,-0.00349040139616056
32,"Avg_Overtime_amount",1.03616846721377e-05,0.00221603679402822,-0.00220567510935608
33,"Avg_Waiting_room_delay",0.0354844220426394,0.0491509409477169,-0.0136665189050775
33,"Avg_Access_time_days",1.30565371024735,2.30035335689046,-0.99469964664311
33,"Fraction_overtime",0,0.00176678445229682,-0.00176678445229682
33,"Avg_Overtime_amount",0,5.99120068004722e-05,-5.99120068004722e-05
34,"Avg_Waiting_room_delay",0.0491532449589,0.0390907748039894,0.0100624701549107
34,"Avg_Access_time_days",1.06204379562044,1.9543795620438,-0.892335766423358
34,"Fraction_overtime",0.00547445255474453,0,0.00547445255474453
34,"Avg_Overtime_amount",0.000745021516595277,0,0.000745021516595277
35,"Avg_Waiting_room_delay",0.0467232893692188,0.0710898868565782,-0.0243665974873595
35,"Avg_Access_time_days",1.08453237410072,2.49820143884892,-1.4136690647482
35,"Fraction_overtime",0,0,0
35,"Avg_Overtime_amount",0,0,0
36,"Avg_Waiting_room_delay",0.0561745902666368,0.0597702008748864,-0.00359561060824955
36,"Avg_Access_time_days",1.11711711711712,1.92252252252252,-0.805405405405405
36,"Fraction_overtime",0.0036036036036036,0.00540540540540541,-0.0018018018018018
36,"Avg_Overtime_amount",0.00105119950154038,0.00171636054004994,-0.000665161038509558
37,"Avg_Waiting_room_delay",0.0607546530766599,0.0589476109634364,0.00180704211322354
37,"Avg_Access_time_days",1.07880910683012,2.11733800350263,-1.0385288966725
37,"Fraction_overtime",0.00175131348511384,0.00175131348511384,0
37,"Avg_Overtime_amount",0.000343364578333246,8.11509585565589e-06,0.00033524948247759
38,"Avg_Waiting_room_delay",0.0347757701664677,0.0464851121146329,-0.0117093419481652
38,"Avg_Access_time_days",1.14109347442681,2.50617283950617,-1.36507936507937
38,"Fraction_overtime",0.00352733686067019,0.0017636684303351,0.0017636684303351
38,"Avg_Overtime_amount",9.57840202394544e-05,0.000115807957523357,-2.00239372839021e-05
39,"Avg_Waiting_room_delay",0.0388702765667997,0.0572808531547211,-0.0184105765879214
39,"Avg_Access_time_days",1.13097345132743,2.34159292035398,-1.21061946902655
39,"Fraction_overtime",0,0.00884955752212389,-0.00884955752212389
39,"Avg_Overtime_amount",0,0.00298670481373056,-0.00298670481373056
40,"Avg_Waiting_room_delay",0.0375615076429558,0.0677441314346352,-0.0301826237916794
40,"Avg_Access_time_days",1.15166666666667,2.98833333333333,-1.83666666666667
40,"Fraction_overtime",0.00333333333333333,0.00166666666666667,0.00166666666666667
40,"Avg_Overtime_amount",0.00033575806461623,0.000281014152827878,5.47439117883523e-05
41,"Avg_Waiting_room_delay",0.041044203803652,0.0764452822791616,-0.0354010784755097
41,"Avg_Access_time_days",1.21951219512195,3.07665505226481,-1.85714285714286
41,"Fraction_overtime",0.00174216027874564,0.00348432055749129,-0.00174216027874564
41,"Avg_Overtime_amount",0.000538277286374822,0.000914661860677108,-0.000376384574302286
42,"Avg_Waiting_room_delay",0.0555133883807812,0.0881786313800038,-0.0326652429992227
42,"Avg_Access_time_days",1.08673469387755,2.16836734693878,-1.08163265306122
42,"Fraction_overtime",0.00170068027210884,0.0102040816326531,-0.00850340136054422
42,"Avg_Overtime_amount",0.00053983367534566,0.00610923535619199,-0.00556940168084633
43,"Avg_Waiting_room_delay",0.0444283769256726,0.0505519199416729,-0.00612354301600028
43,"Avg_Access_time_days",1.31313131313131,3.08922558922559,-1.77609427609428
43,"Fraction_overtime",0.00336700336700337,0.00336700336700337,0
43,"Avg_Overtime_amount",0.000348883513193583,0.00144928931834151,-0.00110040580514792
44,"Avg_Waiting_room_delay",0.0395257667887805,0.0568722103490614,-0.0173464435602809
44,"Avg_Access_time_days",1.22326454033771,2.19512195121951,-0.971857410881801
44,"Fraction_overtime",0,0.00375234521575985,-0.00375234521575985
44,"Avg_Overtime_amount",0,0.000806673142286834,-0.000806673142286834
45,"Avg_Waiting_room_delay",0.0360126473016884,0.0561769267968353,-0.0201642794951468
45,"Avg_Access_time_days",1.1473136915078,2.64818024263432,-1.50086655112652
45,"Fraction_overtime",0.00346620450606586,0.00693240901213172,-0.00346620450606586
45,"Avg_Overtime_amount",0.000582936558510608,0.000983706887735584,-0.000400770329224976
46,"Avg_Waiting_room_delay",0.04196858972047,0.0680579356143526,-0.0260893458938826
46,"Avg_Access_time_days",1.11861313868613,1.95985401459854,-0.841240875912409
46,"Fraction_overtime",0,0.00364963503649635,-0.00364963503649635
46,"Avg_Overtime_amount",0,0.000393318615904264,-0.000393318615904264
47,"Avg_Waiting_room_delay",0.032716150659397,0.0629007419938373,-0.0301845913344403
47,"Avg_Access_time_days",1.08274647887324,3.07922535211268,-1.99647887323944
47,"Fraction_overtime",0.00176056338028169,0.00528169014084507,-0.00352112676056338
47,"Avg_Overtime_amount",4.44494223409592e-05,0.000512715200642114,-0.000468265778301155
48,"Avg_Waiting_room_delay",0.0469572090180779,0.0934968216108726,-0.0465396125927947
48,"Avg_Access_time_days",1.05992509363296,2.7247191011236,-1.66479400749064
48,"Fraction_overtime",0.00374531835205993,0.00561797752808989,-0.00187265917602996
48,"Avg_Overtime_amount",0.00062059562938415,0.00258901571157638,-0.00196842008219223
49,"Avg_Waiting_room_delay",0.0338040535172006,0.0674502768159542,-0.0336462232987535
49,"Avg_Access_time_days",1.14162348877375,2.88255613126079,-1.74093264248705
49,"Fraction_overtime",0.00172711571675302,0.00863557858376511,-0.00690846286701209
49,"Avg_Overtime_amount",0.000448491945274507,0.00397691724404327,-0.00352842529876876
50,"Avg_Waiting_room_delay",0.0382050546356836,0.0744343150087791,-0.0362292603730955
50,"Avg_Access_time_days",1.29831144465291,2.35272045028143,-1.05440900562852
50,"Fraction_overtime",0.00375234521575985,0.00562851782363977,-0.00187617260787992
50,"Avg_Overtime_amount",0.00098601643884533,0.00142897925550908,-0.000442962816663753
51,"Avg_Waiting_room_delay",0.0446386305734753,0.0653310112288727,-0.0206923806553975
51,"Avg_Access_time_days",1.11367673179396,2.03019538188277,-0.91651865008881
51,"Fraction_overtime",0.00177619893428064,0.00355239786856128,-0.00177619893428064
51,"Avg_Overtime_amount",4.31433137415442e-06,0.00217447094395109,-0.00217015661257693
52,"Avg_Waiting_room_delay",0.0370775196414009,0.0584143195466889,-0.021336799905288
52,"Avg_Access_time_days",1.20065789473684,2.82401315789474,-1.62335526315789
52,"Fraction_overtime",0.00328947368421053,0.00328947368421053,0
52,"Avg_Overtime_amount",8.9125670948361e-05,0.00101399494189827,-0.000924869270949912
53,"Avg_Waiting_room_delay",0.0318272330121136,0.0643644898592585,-0.0325372568471448
53,"Avg_Access_time_days",1.19611021069692,2.47325769854133,-1.27714748784441
53,"Fraction_overtime",0.00162074554294976,0,0.00162074554294976
53,"Avg_Overtime_amount",0.000188593635451364,0,0.000188593635451364
54,"Avg_Waiting_room_delay",0.0360845514761619,0.0652974752546825,-0.0292129237785206
54,"Avg_Access_time_days",1.11498257839721,2.25087108013937,-1.13588850174216
54,"Fraction_overtime",0.00348432055749129,0.00174216027874564,0.00174216027874564
54,"Avg_Overtime_amount",0.000453070631287818,4.27857808065581e-05,0.00041028485048126
55,"Avg_Waiting_room_delay",0.041824972733843,0.0524355925547997,-0.0106106198209567
55,"Avg_Access_time_days",1.17616580310881,2.51813471502591,-1.3419689119171
55,"Fraction_overtime",0.00172711571675302,0.00172711571675302,0
55,"Avg_Overtime_amount",0.000455588613934781,0.000233229807760276,0.000222358806174506
56,"Avg_Waiting_room_delay",0.0412339642983427,0.071138905081007,-0.0299049407826643
56,"Avg_Access_time_days",1.09869646182495,2.48603351955307,-1.38733705772812
56,"Fraction_overtime",0.00186219739292365,0.00558659217877095,-0.0037243947858473
56,"Avg_Overtime_amount",0.000199847644170489,0.00448940861614154,-0.00428956097197106
57,"Avg_Waiting_room_delay",0.0498721863297601,0.0966843498910158,-0.0468121635612557
57,"Avg_Access_time_days",1.06028368794326,2.33333333333333,-1.27304964539007
57,"Fraction_overtime",0.00177304964539007,0.00531914893617021,-0.00354609929078014
57,"Avg_Overtime_amount",0.000271295835577038,0.00258369527878652,-0.00231239944320949
58,"Avg_Waiting_room_delay",0.0421417833171545,0.0656278239718043,-0.0234860406546498
58,"Avg_Access_time_days",1.06206896551724,2.33965517241379,-1.27758620689655
58,"Fraction_overtime",0.00172413793103448,0.00172413793103448,0
58,"Avg_Overtime_amount",0.000381084938888997,0.000291134924800978,8.99500140880188e-05
59,"Avg_Waiting_room_delay",0.0573224451975962,0.0906754582706202,-0.0333530130730239
59,"Avg_Access_time_days",1.04059040590406,2.07933579335793,-1.03874538745387
59,"Fraction_overtime",0,0,0
59,"Avg_Overtime_amount",0,0,0
60,"Avg_Waiting_room_delay",0.0410780436006841,0.0643548131586128,-0.0232767695579286
60,"Avg_Access_time_days",1.13368055555556,2.81076388888889,-1.67708333333333
60,"Fraction_overtime",0.00347222222222222,0.00520833333333333,-0.00173611111111111
60,"Avg_Overtime_amount",0.000381078499203127,0.00119298899283644,-0.000811910493633309
61,"Avg_Waiting_room_delay",0.0403031301335606,0.0515090353074631,-0.0112059051739025
61,"Avg_Access_time_days",1.29338103756708,2.92128801431127,-1.62790697674419
61,"Fraction_overtime",0.00178890876565295,0,0.00178890876565295
61,"Avg_Overtime_amount",4.25762270552596e-05,0,4.25762270552596e-05
62,"Avg_Waiting_room_delay",0.0505648199379006,0.0784038921308721,-0.0278390721929715
62,"Avg_Access_time_days",1.14827586206897,2.71724137931034,-1.56896551724138
62,"Fraction_overtime",0,0.00517241379310345,-0.00517241379310345
62,"Avg_Overtime_amount",0,0.0016843581098306,-0.0016843581098306
63,"Avg_Waiting_room_delay",0.0420498479526275,0.0529215507961657,-0.0108717028435382
63,"Avg_Access_time_days",1.05605786618445,1.82097649186257,-0.764918625678119
63,"Fraction_overtime",0.0054249547920434,0,0.0054249547920434
63,"Avg_Overtime_amount",0.000379961316591294,0,0.000379961316591294
64,"Avg_Waiting_room_delay",0.0402113955883669,0.0723831634148805,-0.0321717678265136
64,"Avg_Access_time_days",1.22300884955752,2.73274336283186,-1.50973451327434
64,"Fraction_overtime",0.00176991150442478,0.00530973451327434,-0.00353982300884956
64,"Avg_Overtime_amount",0.000395783000724926,0.00380258620447601,-0.00340680320375108
65,"Avg_Waiting_room_delay",0.0479364591383396,0.0407175141211968,0.00721894501714278
65,"Avg_Access_time_days",1.17190388170055,1.90018484288355,-0.728280961182995
65,"Fraction_overtime",0.00369685767097967,0,0.00369685767097967
65,"Avg_Overtime_amount",0.00143569549233719,0,0.00143569549233719
66,"Avg_Waiting_room_delay",0.0407025464110055,0.0512484720198994,-0.0105459256088939
66,"Avg_Access_time_days",1.11454545454545,2.23636363636364,-1.12181818181818
66,"Fraction_overtime",0,0,0
66,"Avg_Overtime_amount",0,0,0
67,"Avg_Waiting_room_delay",0.04442439283324,0.0595830838311766,-0.0151586909979366
67,"Avg_Access_time_days",1.22018348623853,2.35596330275229,-1.13577981651376
67,"Fraction_overtime",0.0036697247706422,0.0073394495412844,-0.0036697247706422
67,"Avg_Overtime_amount",0.000492586499493595,0.00098496166727024,-0.000492375167776646
68,"Avg_Waiting_room_delay",0.045501076189136,0.085821247000227,-0.040320170811091
68,"Avg_Access_time_days",1.12454873646209,3,-1.87545126353791
68,"Fraction_overtime",0,0.0072202166064982,-0.0072202166064982
68,"Avg_Overtime_amount",0,0.00180944694840325,-0.00180944694840325
69,"Avg_Waiting_room_delay",0.0301445404796655,0.0460520196972189,-0.0159074792175534
69,"Avg_Access_time_days",1.03063063063063,2.28288288288288,-1.25225225225225
69,"Fraction_overtime",0.0018018018018018,0.0036036036036036,-0.0018018018018018
69,"Avg_Overtime_amount",0.000281645841865965,0.000606335645746847,-0.000324689803880881
70,"Avg_Waiting_room_delay",0.0341291677894723,0.0516821602217513,-0.017552992432279
70,"Avg_Access_time_days",1.07781456953642,2.97516556291391,-1.89735099337748
70,"Fraction_overtime",0.0033112582781457,0.00165562913907285,0.00165562913907285
70,"Avg_Overtime_amount",0.000377187148851206,0.000928428765452292,-0.000551241616601086
71,"Avg_Waiting_room_delay",0.0379619144801591,0.0609279504194408,-0.0229660359392816
71,"Avg_Access_time_days",1.21651376146789,2.52844036697248,-1.31192660550459
71,"Fraction_overtime",0,0.0018348623853211,-0.0018348623853211
71,"Avg_Overtime_amount",0,0.000638191799342111,-0.000638191799342111
72,"Avg_Waiting_room_delay",0.0452235296301239,0.0717324287116495,-0.0265088990815256
72,"Avg_Access_time_days",1.08127208480565,2.37809187279152,-1.29681978798587
72,"Fraction_overtime",0.00353356890459364,0.00353356890459364,0
72,"Avg_Overtime_amount",0.000972288754876664,0.000950985461368011,2.13032935086533e-05
73,"Avg_Waiting_room_delay",0.0316702968227887,0.0705557221519428,-0.0388854253291541
73,"Avg_Access_time_days",1.1986301369863,2.73116438356164,-1.53253424657534
73,"Fraction_overtime",0.00171232876712329,0,0.00171232876712329
73,"Avg_Overtime_amount",4.56159575452794e-05,0,4.56159575452794e-05
74,"Avg_Waiting_room_delay",0.0341000158032993,0.0616260881250621,-0.0275260723217628
74,"Avg_Access_time_days",1.12136752136752,2.80683760683761,-1.68547008547009
74,"Fraction_overtime",0.00170940170940171,0.00170940170940171,0
74,"Avg_Overtime_amount",0.00122729448870737,0.00011567714314503,0.00111161734556234
75,"Avg_Waiting_room_delay",0.0307260216705688,0.0749637513660547,-0.0442377296954859
75,"Avg_Access_time_days",1.1486013986014,2.22377622377622,-1.07517482517483
75,"Fraction_overtime",0.0034965034965035,0.0034965034965035,0
75,"Avg_Overtime_amount",0.000540408040955806,0.00135367854923268,-0.000813270508276872
76,"Avg_Waiting_room_delay",0.0491443746642483,0.0589544073157253,-0.00981003265147701
76,"Avg_Access_time_days",1.08768656716418,2.13432835820896,-1.04664179104478
76,"Fraction_overtime",0.00186567164179104,0.00186567164179104,0
76,"Avg_Overtime_amount",0.000797577292550078,0.000168404282876257,0.000629173009673822
77,"Avg_Waiting_room_delay",0.0455278397179634,0.0537893607232421,-0.00826152100527864
77,"Avg_Access_time_days",1.25912408759124,2.71167883211679,-1.45255474452555
77,"Fraction_overtime",0.00547445255474453,0.00547445255474453,0
77,"Avg_Overtime_amount",0.000457053060144244,0.000845278584367478,-0.000388225524223235
78,"Avg_Waiting_room_delay",0.0379632819358707,0.0497079245287992,-0.0117446425929284
78,"Avg_Access_time_days",1.15666666666667,3.05833333333333,-1.90166666666667
78,"Fraction_overtime",0.00166666666666667,0.005,-0.00333333333333333
78,"Avg_Overtime_amount",0.000163589203689482,0.00112215225846034,-0.000958563054770861
79,"Avg_Waiting_room_delay",0.0418436270412222,0.0488968359807044,-0.00705320893948219
79,"Avg_Access_time_days",1.11578947368421,2.99824561403509,-1.88245614035088
79,"Fraction_overtime",0.00175438596491228,0.00175438596491228,0
79,"Avg_Overtime_amount",0.000549007122103219,0.00033008215397536,0.000218924968127859
80,"Avg_Waiting_room_delay",0.0525826749522326,0.0814157774326204,-0.0288331024803877
80,"Avg_Access_time_days",1.04332129963899,1.97472924187726,-0.931407942238267
80,"Fraction_overtime",0,0.00902527075812274,-0.00902527075812274
80,"Avg_Overtime_amount",0,0.00351325926910201,-0.00351325926910201
81,"Avg_Waiting_room_delay",0.0530636440948546,0.0514119440585895,0.0016517000362651
81,"Avg_Access_time_days",1.09172661870504,2.7841726618705,-1.69244604316547
81,"Fraction_overtime",0.00179856115107914,0.00539568345323741,-0.00359712230215827
81,"Avg_Overtime_amount",0.000111965426072075,0.00134470030938657,-0.00123273488331449
82,"Avg_Waiting_room_delay",0.0441789352469448,0.0536298024568209,-0.0094508672098761
82,"Avg_Access_time_days",1.22075782537068,3.33772652388797,-2.1169686985173
82,"Fraction_overtime",0.00329489291598023,0.00164744645799012,0.00164744645799012
82,"Avg_Overtime_amount",0.000367305469573431,2.86826490543215e-05,0.00033862282051911
83,"Avg_Waiting_room_delay",0.0384359486251804,0.0521095071596074,-0.013673558534427
83,"Avg_Access_time_days",1.20738137082601,2.53602811950791,-1.3286467486819
83,"Fraction_overtime",0.00175746924428822,0.00351493848857645,-0.00175746924428822
83,"Avg_Overtime_amount",0.000496173928799769,0.00127078151264475,-0.000774607583844984
84,"Avg_Waiting_room_delay",0.0383076764124739,0.0703157300289821,-0.0320080536165081
84,"Avg_Access_time_days",1.05935251798561,2.01618705035971,-0.956834532374101
84,"Fraction_overtime",0,0,0
84,"Avg_Overtime_amount",0,0,0
85,"Avg_Waiting_room_delay",0.0468885330537087,0.0502547014644483,-0.00336616841073969
85,"Avg_Access_time_days",1.1214953271028,2.40934579439252,-1.28785046728972
85,"Fraction_overtime",0.00373831775700935,0.011214953271028,-0.00747663551401869
85,"Avg_Overtime_amount",0.000706084555612456,0.00162804306610543,-0.000921958510492971
86,"Avg_Waiting_room_delay",0.0549546015585938,0.0698006135985855,-0.0148460120399917
86,"Avg_Access_time_days",1.09040590405904,2.31549815498155,-1.22509225092251
86,"Fraction_overtime",0.00553505535055351,0.003690036900369,0.0018450184501845
86,"Avg_Overtime_amount",0.0024124798814196,0.00110505569667243,0.00130742418474717
87,"Avg_Waiting_room_delay",0.0440797434694006,0.0644109983953989,-0.0203312549259983
87,"Avg_Access_time_days",1.07956600361664,1.90415913200723,-0.824593128390597
87,"Fraction_overtime",0,0.00180831826401447,-0.00180831826401447
87,"Avg_Overtime_amount",0,0.000266996849169112,-0.000266996849169112
88,"Avg_Waiting_room_delay",0.0338031089010864,0.0613370901134858,-0.0275339812123994
88,"Avg_Access_time_days",1.13320825515947,1.97373358348968,-0.840525328330206
88,"Fraction_overtime",0.00375234521575985,0.00187617260787992,0.00187617260787992
88,"Avg_Overtime_amount",0.000602482621375407,0.00079402032436642,-0.000191537702991013
89,"Avg_Waiting_room_delay",0.0343748221155367,0.0814982886879756,-0.047123466572439
89,"Avg_Access_time_days",1.37282229965157,2.81184668989547,-1.4390243902439
89,"Fraction_overtime",0.00348432055749129,0.00522648083623693,-0.00174216027874565
89,"Avg_Overtime_amount",0.000866291890315243,0.000509787105971298,0.000356504784343945
90,"Avg_Waiting_room_delay",0.0394844230877909,0.0533191793004849,-0.013834756212694
90,"Avg_Access_time_days",1.08027923211169,2.81849912739965,-1.73821989528796
90,"Fraction_overtime",0.00174520069808028,0.00174520069808028,0
90,"Avg_Overtime_amount",0.000254252877333867,0.000288760423221077,-3.45075458872094e-05
91,"Avg_Waiting_room_delay",0.0411300778779654,0.0680936192056195,-0.0269635413276541
91,"Avg_Access_time_days",1.13368983957219,2.26381461675579,-1.1301247771836
91,"Fraction_overtime",0.0017825311942959,0.0035650623885918,-0.0017825311942959
91,"Avg_Overtime_amount",0.000540544039023491,0.000711068618106334,-0.000170524579082843
92,"Avg_Waiting_room_delay",0.038406521367114,0.0644180013884008,-0.0260114800212869
92,"Avg_Access_time_days",1.08576329331046,1.89193825042882,-0.806174957118353
92,"Fraction_overtime",0,0.00686106346483705,-0.00686106346483705
92,"Avg_Overtime_amount",0,0.00196837964467496,-0.00196837964467496
93,"Avg_Waiting_room_delay",0.0352885559677582,0.0487736140682077,-0.0134850581004495
93,"Avg_Access_time_days",1.22300884955752,3.15221238938053,-1.92920353982301
93,"Fraction_overtime",0.00353982300884956,0.00353982300884956,0
93,"Avg_Overtime_amount",0.000281103323084474,0.0010998179011111,-0.00081871457802663
94,"Avg_Waiting_room_delay",0.044846224543635,0.0737431951548871,-0.0288969706112521
94,"Avg_Access_time_days",1.13405797101449,3.05434782608696,-1.92028985507246
94,"Fraction_overtime",0.0036231884057971,0.0072463768115942,-0.0036231884057971
94,"Avg_Overtime_amount",0.00141933184966192,0.00175424980025883,-0.000334917950596912
95,"Avg_Waiting_room_delay",0.0424425207999739,0.0370517087563131,0.00539081204366087
95,"Avg_Access_time_days",1.03703703703704,2.42777777777778,-1.39074074074074
95,"Fraction_overtime",0,0,0
95,"Avg_Overtime_amount",0,0,0
96,"Avg_Waiting_room_delay",0.0423476227331853,0.0480775551894891,-0.00572993245630372
96,"Avg_Access_time_days",1.25778546712803,2.8477508650519,-1.58996539792388
96,"Fraction_overtime",0.00519031141868512,0,0.00519031141868512
96,"Avg_Overtime_amount",0.00135592058762355,0,0.00135592058762355
97,"Avg_Waiting_room_delay",0.0403514229990853,0.037311820958889,0.00303960204019638
97,"Avg_Access_time_days",1.18260869565217,2.22608695652174,-1.04347826086957
97,"Fraction_overtime",0.00695652173913044,0.00173913043478261,0.00521739130434783
97,"Avg_Overtime_amount",0.00135921025420593,0.000264583148838651,0.00109462710536728
98,"Avg_Waiting_room_delay",0.0395615497671808,0.0627096014675407,-0.0231480517003599
98,"Avg_Access_time_days",1.04470198675497,2.70860927152318,-1.66390728476821
98,"Fraction_overtime",0,0.00496688741721854,-0.00496688741721854
98,"Avg_Overtime_amount",0,0.00177908316899667,-0.00177908316899667
99,"Avg_Waiting_room_delay",0.0415437551265645,0.0718470287334568,-0.0303032736068923
99,"Avg_Access_time_days",1.10606060606061,1.75757575757576,-0.651515151515152
99,"Fraction_overtime",0,0.00378787878787879,-0.00378787878787879
99,"Avg_Overtime_amount",0,0.00117339041520623,-0.00117339041520623
100,"Avg_Waiting_room_delay",0.0431829700105978,0.0868987525216809,-0.0437157825110831
100,"Avg_Access_time_days",1.04063604240283,2.57773851590106,-1.53710247349823
100,"Fraction_overtime",0.0088339222614841,0.0106007067137809,-0.00176678445229682
100,"Avg_Overtime_amount",0.00270010887660119,0.00451726248385348,-0.00181715360725228
101,"Avg_Waiting_room_delay",0.0245396249401234,0.0461447182371098,-0.0216050932969863
101,"Avg_Access_time_days",1.09138840070299,2.61335676625659,-1.5219683655536
101,"Fraction_overtime",0,0.00175746924428822,-0.00175746924428822
101,"Avg_Overtime_amount",0,0.000846598399833519,-0.000846598399833519
102,"Avg_Waiting_room_delay",0.0434041284938953,0.0655731990863451,-0.0221690705924499
102,"Avg_Access_time_days",1.15837937384899,2.20257826887661,-1.04419889502762
102,"Fraction_overtime",0,0.00184162062615101,-0.00184162062615101
102,"Avg_Overtime_amount",0,5.82653480567212e-05,-5.82653480567212e-05
103,"Avg_Waiting_room_delay",0.0454796061461934,0.0614736370781944,-0.0159940309320011
103,"Avg_Access_time_days",1.11721611721612,2.30586080586081,-1.18864468864469
103,"Fraction_overtime",0.00549450549450549,0.00366300366300366,0.00183150183150183
103,"Avg_Overtime_amount",0.000674251557118232,7.64737145319795e-05,0.000597777842586253
104,"Avg_Waiting_room_delay",0.0279897192668492,0.0546501595954626,-0.0266604403286134
104,"Avg_Access_time_days",1.20357142857143,2.8625,-1.65892857142857
104,"Fraction_overtime",0,0.00357142857142857,-0.00357142857142857
104,"Avg_Overtime_amount",0,0.000985713128082694,-0.000985713128082694
105,"Avg_Waiting_room_delay",0.0379528047937936,0.0710474781427316,-0.0330946733489379
105,"Avg_Access_time_days",1.08457711442786,1.61857379767828,-0.533996683250415
105,"Fraction_overtime",0.00165837479270315,0.00497512437810945,-0.0033167495854063
105,"Avg_Overtime_amount",7.24167923078003e-05,0.00172325016930427,-0.00165083337699647
106,"Avg_Waiting_room_delay",0.0340554363659117,0.0717125367983975,-0.0376571004324858
106,"Avg_Access_time_days",1.06678082191781,2.19178082191781,-1.125
106,"Fraction_overtime",0.00171232876712329,0.00342465753424658,-0.00171232876712329
106,"Avg_Overtime_amount",2.66153575471122e-06,0.00055769331549438,-0.000555031779739669
107,"Avg_Waiting_room_delay",0.043565353418307,0.0682084096422366,-0.0246430562239296
107,"Avg_Access_time_days",1.09856630824373,1.90143369175627,-0.802867383512545
107,"Fraction_overtime",0.0017921146953405,0.003584229390681,-0.0017921146953405
107,"Avg_Overtime_amount",0.00021397046601239,0.00129878049446283,-0.00108481002845044
108,"Avg_Waiting_room_delay",0.0416798062734026,0.0621644694481775,-0.0204846631747749
108,"Avg_Access_time_days",1.12105263157895,2.89298245614035,-1.7719298245614
108,"Fraction_overtime",0.00175438596491228,0.00526315789473684,-0.00350877192982456
108,"Avg_Overtime_amount",0.000142617287765352,0.00149383755782306,-0.00135122027005771
109,"Avg_Waiting_room_delay",0.0441157326623173,0.0679528340035455,-0.0238371013412282
109,"Avg_Access_time_days",1.14907872696817,2.44891122278057,-1.2998324958124
109,"Fraction_overtime",0.0016750418760469,0.0067001675041876,-0.0050251256281407
109,"Avg_Overtime_amount",0.000127109693860218,0.00196325316000876,-0.00183614346614854
110,"Avg_Waiting_room_delay",0.040669115632375,0.0749011274800229,-0.0342320118476479
110,"Avg_Access_time_days",1.08672566371681,2.41592920353982,-1.32920353982301
110,"Fraction_overtime",0,0.00353982300884956,-0.00353982300884956
110,"Avg_Overtime_amount",0,0.00198236695698996,-0.00198236695698996
111,"Avg_Waiting_room_delay",0.0437849270426809,0.0475626798180832,-0.00377775277540229
111,"Avg_Access_time_days",1.17454545454545,2.13272727272727,-0.958181818181818
111,"Fraction_overtime",0.00545454545454545,0.00181818181818182,0.00363636363636364
111,"Avg_Overtime_amount",0.00174951530797306,0.000134265132573574,0.00161525017539949
112,"Avg_Waiting_room_delay",0.0379862335884128,0.0511967246642132,-0.0132104910758005
112,"Avg_Access_time_days",1.52236135957066,2.62075134168157,-1.09838998211091
112,"Fraction_overtime",0.00178890876565295,0.00178890876565295,0
112,"Avg_Overtime_amount",6.48419735308363e-05,0.000570600560245012,-0.000505758586714175
113,"Avg_Waiting_room_delay",0.063431591690685,0.0485102920378965,0.0149212996527886
113,"Avg_Access_time_days",1.13307984790875,2.10836501901141,-0.975285171102662
113,"Fraction_overtime",0.00380228136882129,0.00380228136882129,0
113,"Avg_Overtime_amount",0.000690140213856644,0.00153867956089241,-0.000848539347035767
114,"Avg_Waiting_room_delay",0.0424457656000335,0.0535769640430032,-0.0111311984429697
114,"Avg_Access_time_days",1.12612612612613,2.76396396396396,-1.63783783783784
114,"Fraction_overtime",0.0018018018018018,0.00720720720720721,-0.00540540540540541
114,"Avg_Overtime_amount",0.000557248181614844,0.00104224661551204,-0.000484998433897193
115,"Avg_Waiting_room_delay",0.035587772541364,0.0457260736726073,-0.0101383011312434
115,"Avg_Access_time_days",1.16666666666667,2.11578947368421,-0.949122807017544
115,"Fraction_overtime",0.00175438596491228,0.00350877192982456,-0.00175438596491228
115,"Avg_Overtime_amount",0.000540106696125333,0.000467273558755746,7.28331373695867e-05
116,"Avg_Waiting_room_delay",0.0336889721630454,0.0525284606007069,-0.0188394884376614
116,"Avg_Access_time_days",1.16134453781513,3.09747899159664,-1.93613445378151
116,"Fraction_overtime",0,0.00504201680672269,-0.00504201680672269
116,"Avg_Overtime_amount",0,0.000939598778991088,-0.000939598778991088
117,"Avg_Waiting_room_delay",0.0468072413270156,0.076205744245453,-0.0293985029184375
117,"Avg_Access_time_days",1.08392857142857,2.30892857142857,-1.225
117,"Fraction_overtime",0,0.00357142857142857,-0.00357142857142857
117,"Avg_Overtime_amount",0,0.000972791444375152,-0.000972791444375152
118,"Avg_Waiting_room_delay",0.0236381631012835,0.04763519232678,-0.0239970292254965
118,"Avg_Access_time_days",1.05962521294719,2.11925042589438,-1.05962521294719
118,"Fraction_overtime",0,0,0
118,"Avg_Overtime_amount",0,0,0
119,"Avg_Waiting_room_delay",0.0340874008208105,0.0435523608739702,-0.00946496005315972
119,"Avg_Access_time_days",1.42173112338858,2.35174953959484,-0.930018416206261
119,"Fraction_overtime",0,0.00184162062615101,-0.00184162062615101
119,"Avg_Overtime_amount",0,3.88668862813482e-05,-3.88668862813482e-05
120,"Avg_Waiting_room_delay",0.0430222305570865,0.0575325102411779,-0.0145102796840914
120,"Avg_Access_time_days",1.15867158671587,3.24169741697417,-2.0830258302583
120,"Fraction_overtime",0.0018450184501845,0.003690036900369,-0.0018450184501845
120,"Avg_Overtime_amount",0.000115522592314513,0.00065403054457531,-0.000538507952260796
121,"Avg_Waiting_room_delay",0.0508615536601223,0.0463586073755045,0.00450294628461773
121,"Avg_Access_time_days",1.03866432337434,1.71880492091388,-0.680140597539543
121,"Fraction_overtime",0,0.0070298769771529,-0.0070298769771529
121,"Avg_Overtime_amount",0,0.00157714126657585,-0.00157714126657585
122,"Avg_Waiting_room_delay",0.0247828170507123,0.0461539546632664,-0.021371137612554
122,"Avg_Access_time_days",1.19594594594595,3.00168918918919,-1.80574324324324
122,"Fraction_overtime",0.00168918918918919,0,0.00168918918918919
122,"Avg_Overtime_amount",2.70437225729668e-05,0,2.70437225729668e-05
123,"Avg_Waiting_room_delay",0.0364699877054031,0.0365991745240815,-0.000129186818678483
123,"Avg_Access_time_days",1.1340206185567,2.54123711340206,-1.40721649484536
123,"Fraction_overtime",0.00171821305841924,0.00171821305841924,0
123,"Avg_Overtime_amount",6.50756609723045e-05,0.000216273550812804,-0.0001511978898405
124,"Avg_Waiting_room_delay",0.0469513902952628,0.0460928320766266,0.000858558218636181
124,"Avg_Access_time_days",1.12998266897747,2.79376083188908,-1.66377816291161
124,"Fraction_overtime",0.00173310225303293,0,0.00173310225303293
124,"Avg_Overtime_amount",3.02490515587024e-05,0,3.02490515587024e-05
125,"Avg_Waiting_room_delay",0.0387948719419715,0.0715168667665029,-0.0327219948245314
125,"Avg_Access_time_days",1.24906367041199,2.4063670411985,-1.15730337078652
125,"Fraction_overtime",0.00187265917602996,0.00561797752808989,-0.00374531835205992
125,"Avg_Overtime_amount",7.67958358176125e-05,0.000610581944538081,-0.000533786108720468
126,"Avg_Waiting_room_delay",0.0465827112378918,0.0592539412906453,-0.0126712300527535
126,"Avg_Access_time_days",1.18959107806691,2.13940520446097,-0.949814126394052
126,"Fraction_overtime",0.00185873605947955,0.00185873605947955,0
126,"Avg_Overtime_amount",0.000331093856101173,0.000277590362006126,5.35034940950468e-05
127,"Avg_Waiting_room_delay",0.0371359043157935,0.0579958687593896,-0.0208599644435961
127,"Avg_Access_time_days",1.12565445026178,2.28621291448517,-1.16055846422339
127,"Fraction_overtime",0,0,0
127,"Avg_Overtime_amount",0,0,0
128,"Avg_Waiting_room_delay",0.0438515248768144,0.0885347757324622,-0.0446832508556478
128,"Avg_Access_time_days",1.11842105263158,2.40789473684211,-1.28947368421053
128,"Fraction_overtime",0.0056390977443609,0.0075187969924812,-0.0018796992481203
128,"Avg_Overtime_amount",0.000646745617762402,0.00220294678664779,-0.00155620116888539
129,"Avg_Waiting_room_delay",0.0264485697377345,0.0484206614667247,-0.0219720917289902
129,"Avg_Access_time_days",1.02245250431779,1.54749568221071,-0.525043177892919
129,"Fraction_overtime",0.00172711571675302,0.00863557858376511,-0.00690846286701209
129,"Avg_Overtime_amount",0.000329114431085067,0.000858262704491107,-0.00052914827340604
130,"Avg_Waiting_room_delay",0.0597711161664079,0.0655691859264887,-0.00579806976008087
130,"Avg_Access_time_days",1.12857142857143,2.79642857142857,-1.66785714285714
130,"Fraction_overtime",0.00714285714285714,0.00535714285714286,0.00178571428571429
130,"Avg_Overtime_amount",0.0013247397386815,0.00110234979358257,0.000222389945098936
131,"Avg_Waiting_room_delay",0.0280519009406945,0.0524044984337521,-0.0243525974930576
131,"Avg_Access_time_days",1.15162454873646,2.79061371841155,-1.63898916967509
131,"Fraction_overtime",0.00180505415162455,0.00180505415162455,0
131,"Avg_Overtime_amount",0.000325008607591369,0.00029198538827005,3.30232193213187e-05
132,"Avg_Waiting_room_delay",0.0405673170597841,0.0548998136995154,-0.0143324966397313
132,"Avg_Access_time_days",1.11892797319933,2.43886097152429,-1.31993299832496
132,"Fraction_overtime",0.0016750418760469,0.0033500837520938,-0.0016750418760469
132,"Avg_Overtime_amount",0.000656973021992397,0.000424739703219146,0.000232233318773251
133,"Avg_Waiting_room_delay",0.0455869794192033,0.0917381305156257,-0.0461511510964225
133,"Avg_Access_time_days",1.16523235800344,3.32185886402754,-2.1566265060241
133,"Fraction_overtime",0.00860585197934595,0.00688468158347676,0.00172117039586919
133,"Avg_Overtime_amount",0.00208103197865767,0.00268600370626058,-0.000604971727602913
134,"Avg_Waiting_room_delay",0.0469155605252327,0.0685612676236072,-0.0216457070983744
134,"Avg_Access_time_days",1.27083333333333,2.97569444444444,-1.70486111111111
134,"Fraction_overtime",0.00173611111111111,0.00694444444444444,-0.00520833333333333
134,"Avg_Overtime_amount",0.00048678129572403,0.00136148223119217,-0.000874700935468141
135,"Avg_Waiting_room_delay",0.045051187333692,0.0435269723012508,0.00152421503244115
135,"Avg_Access_time_days",1.0976821192053,2.8476821192053,-1.75
135,"Fraction_overtime",0,0,0
135,"Avg_Overtime_amount",0,0,0
136,"Avg_Waiting_room_delay",0.0526282372670082,0.0701982371443347,-0.0175699998773265
136,"Avg_Access_time_days",1.15742397137746,2.10554561717352,-0.948121645796064
136,"Fraction_overtime",0.00536672629695885,0,0.00536672629695885
136,"Avg_Overtime_amount",0.00104279349188275,0,0.00104279349188275
137,"Avg_Waiting_room_delay",0.0257391047766051,0.0620661437099231,-0.0363270389333179
137,"Avg_Access_time_days",1.05457746478873,1.90316901408451,-0.848591549295775
137,"Fraction_overtime",0.00176056338028169,0.00352112676056338,-0.00176056338028169
137,"Avg_Overtime_amount",0.000692166973691658,0.000996940654945529,-0.000304773681253871
138,"Avg_Waiting_room_delay",0.0366854534978472,0.0664757122496632,-0.029790258751816
138,"Avg_Access_time_days",1.04903677758319,2.49211908931699,-1.4430823117338
138,"Fraction_overtime",0.00700525394045534,0,0.00700525394045534
138,"Avg_Overtime_amount",0.00173199147969017,0,0.00173199147969017
139,"Avg_Waiting_room_delay",0.0380545562720581,0.0495156476542042,-0.0114610913821461
139,"Avg_Access_time_days",1.06993006993007,2.8513986013986,-1.78146853146853
139,"Fraction_overtime",0,0.00174825174825175,-0.00174825174825175
139,"Avg_Overtime_amount",0,0.000472092461690085,-0.000472092461690085
140,"Avg_Waiting_room_delay",0.0326013988594673,0.0561222797294947,-0.0235208808700274
140,"Avg_Access_time_days",1.0711743772242,1.59964412811388,-0.52846975088968
140,"Fraction_overtime",0,0.00177935943060498,-0.00177935943060498
140,"Avg_Overtime_amount",0,0.00161546521113387,-0.00161546521113387
141,"Avg_Waiting_room_delay",0.0272585607329373,0.0490940270327472,-0.0218354662998099
141,"Avg_Access_time_days",1.06514084507042,2.88028169014085,-1.81514084507042
141,"Fraction_overtime",0.00176056338028169,0,0.00176056338028169
141,"Avg_Overtime_amount",5.28636016070654e-05,0,5.28636016070654e-05
142,"Avg_Waiting_room_delay",0.0491868597900251,0.092711283546205,-0.0435244237561799
142,"Avg_Access_time_days",1.44732297063903,2.93782383419689,-1.49050086355786
142,"Fraction_overtime",0.00172711571675302,0.00690846286701209,-0.00518134715025907
142,"Avg_Overtime_amount",0.000323257406150657,0.000823664892553026,-0.000500407486402369
143,"Avg_Waiting_room_delay",0.0299527910046254,0.0595775800241832,-0.0296247890195578
143,"Avg_Access_time_days",1.09677419354839,2.06451612903226,-0.967741935483871
143,"Fraction_overtime",0,0.003584229390681,-0.003584229390681
143,"Avg_Overtime_amount",0,0.000217987896706499,-0.000217987896706499
144,"Avg_Waiting_room_delay",0.0382349106992716,0.0468920387982498,-0.00865712809897822
144,"Avg_Access_time_days",1.10968921389397,2.26508226691042,-1.15539305301645
144,"Fraction_overtime",0,0.00182815356489945,-0.00182815356489945
144,"Avg_Overtime_amount",0,0.00146522278413731,-0.00146522278413731
145,"Avg_Waiting_room_delay",0.0400193814904797,0.0449156863329978,-0.00489630484251807
145,"Avg_Access_time_days",1.1912013536379,2.82571912013536,-1.63451776649746
145,"Fraction_overtime",0.00169204737732657,0.00338409475465313,-0.00169204737732657
145,"Avg_Overtime_amount",0.000142504066992604,0.00042526047792301,-0.000282756410930406
146,"Avg_Waiting_room_delay",0.0294428729725347,0.0642115758139912,-0.0347687028414565
146,"Avg_Access_time_days",1.11672473867596,2.25609756097561,-1.13937282229965
146,"Fraction_overtime",0.00174216027874564,0.00348432055749129,-0.00174216027874564
146,"Avg_Overtime_amount",2.25615554107779e-05,0.000591681644286309,-0.000569120088875531
147,"Avg_Waiting_room_delay",0.0447628499723852,0.0420856536634546,0.00267719630893062
147,"Avg_Access_time_days",1.08098591549296,3.15492957746479,-2.07394366197183
147,"Fraction_overtime",0,0.00176056338028169,-0.00176056338028169
147,"Avg_Overtime_amount",0,0.00101487631102572,-0.00101487631102572
148,"Avg_Waiting_room_delay",0.0443206103807572,0.0527430002223941,-0.00842238984163689
148,"Avg_Access_time_days",1.10070671378092,2.40636042402827,-1.30565371024735
148,"Fraction_overtime",0.00353356890459364,0.00530035335689046,-0.00176678445229682
148,"Avg_Overtime_amount",0.000263424570056801,0.000441240742896475,-0.000177816172839674
149,"Avg_Waiting_room_delay",0.0391489446357452,0.054492218881831,-0.0153432742460858
149,"Avg_Access_time_days",1.13186813186813,2.46153846153846,-1.32967032967033
149,"Fraction_overtime",0.00366300366300366,0.00183150183150183,0.00183150183150183
149,"Avg_Overtime_amount",0.000234642390980802,0.000285527376629808,-5.08849856490066e-05
150,"Avg_Waiting_room_delay",0.0411766054020267,0.0549341516851928,-0.0137575462831661
150,"Avg_Access_time_days",1.07246376811594,2.28623188405797,-1.21376811594203
150,"Fraction_overtime",0.00181159420289855,0.00543478260869565,-0.0036231884057971
150,"Avg_Overtime_amount",8.01053811470127e-05,0.00128888343320737,-0.00120877805206036
151,"Avg_Waiting_room_delay",0.0450631937576896,0.0550117352829754,-0.00994854152528582
151,"Avg_Access_time_days",1.09489051094891,2.28284671532847,-1.18795620437956
151,"Fraction_overtime",0.0109489051094891,0.00364963503649635,0.0072992700729927
151,"Avg_Overtime_amount",0.00281805147667706,0.000993087674298851,0.0018249638023782
152,"Avg_Waiting_room_delay",0.037962511472512,0.0589066973795312,-0.0209441859070192
152,"Avg_Access_time_days",1.15816326530612,2.73809523809524,-1.57993197278912
152,"Fraction_overtime",0.00510204081632653,0.00340136054421769,0.00170068027210884
152,"Avg_Overtime_amount",0.00050124326922944,0.0017129181481281,-0.00121167487889866
153,"Avg_Waiting_room_delay",0.0474584274447616,0.0660365246638913,-0.0185780972191297
153,"Avg_Access_time_days",1.07029876977153,2.25834797891037,-1.18804920913884
153,"Fraction_overtime",0.00175746924428822,0.00351493848857645,-0.00175746924428822
153,"Avg_Overtime_amount",5.75681498262727e-05,0.00102633655385328,-0.000968768404027004
154,"Avg_Waiting_room_delay",0.0475407656605732,0.0539786622396851,-0.00643789657911192
154,"Avg_Access_time_days",1.06618962432916,2.08586762075134,-1.01967799642218
154,"Fraction_overtime",0,0,0
154,"Avg_Overtime_amount",0,0,0
155,"Avg_Waiting_room_delay",0.0307290711052428,0.0606574135283582,-0.0299283424231155
155,"Avg_Access_time_days",1.13274336283186,2.8,-1.66725663716814
155,"Fraction_overtime",0,0.00176991150442478,-0.00176991150442478
155,"Avg_Overtime_amount",0,0.00051667316966955,-0.00051667316966955
156,"Avg_Waiting_room_delay",0.0478952544829513,0.0899100532435312,-0.0420147987605799
156,"Avg_Access_time_days",1.14564831261101,2.74777975133215,-1.60213143872114
156,"Fraction_overtime",0.00355239786856128,0,0.00355239786856128
156,"Avg_Overtime_amount",0.0006390419162806,0,0.0006390419162806
157,"Avg_Waiting_room_delay",0.0359966328017962,0.0600604571191345,-0.0240638243173383
157,"Avg_Access_time_days",1.11692844677138,2.79755671902269,-1.68062827225131
157,"Fraction_overtime",0.00349040139616056,0.00523560209424084,-0.00174520069808028
157,"Avg_Overtime_amount",0.00116944394279266,0.00284635173119568,-0.00167690778840301
158,"Avg_Waiting_room_delay",0.0406401608789837,0.07550072440028,-0.0348605635212963
158,"Avg_Access_time_days",1.20790378006873,2.73539518900344,-1.52749140893471
158,"Fraction_overtime",0.00343642611683849,0.00343642611683849,0
158,"Avg_Overtime_amount",0.00104233643793337,0.00188788233357959,-0.000845545895646222
159,"Avg_Waiting_room_delay",0.0507928241127366,0.0647132361868492,-0.0139204120741126
159,"Avg_Access_time_days",1.09318996415771,1.68458781362007,-0.591397849462366
159,"Fraction_overtime",0.0017921146953405,0.00896057347670251,-0.00716845878136201
159,"Avg_Overtime_amount",0.000197650528347395,0.00520639851662779,-0.00500874798828039
160,"Avg_Waiting_room_delay",0.0426079967286869,0.0501341808206084,-0.00752618409192154
160,"Avg_Access_time_days",1.3563829787234,2.76063829787234,-1.40425531914894
160,"Fraction_overtime",0.00531914893617021,0.00177304964539007,0.00354609929078014
160,"Avg_Overtime_amount",0.0020033090394995,0.00041244747264798,0.00159086156685151
161,"Avg_Waiting_room_delay",0.0590349234206294,0.0615850231917422,-0.00255009977111277
161,"Avg_Access_time_days",1.11888111888112,2.23601398601399,-1.11713286713287
161,"Fraction_overtime",0.0034965034965035,0.0034965034965035,0
161,"Avg_Overtime_amount",0.000388417418696872,0.000929823986762917,-0.000541406568066046
162,"Avg_Waiting_room_delay",0.0392255525176382,0.0558164180675669,-0.0165908655499287
162,"Avg_Access_time_days",1.19748653500898,2.69120287253142,-1.49371633752244
162,"Fraction_overtime",0.00359066427289048,0.00538599640933573,-0.00179533213644524
162,"Avg_Overtime_amount",0.000606924251230027,0.00158614070709069,-0.000979216455860659
163,"Avg_Waiting_room_delay",0.0436292834226071,0.0544825546161468,-0.0108532711935397
163,"Avg_Access_time_days",1.11469534050179,2.43548387096774,-1.32078853046595
163,"Fraction_overtime",0,0.003584229390681,-0.003584229390681
163,"Avg_Overtime_amount",0,0.00136014827502252,-0.00136014827502252
164,"Avg_Waiting_room_delay",0.0417927830902506,0.0419675526862705,-0.000174769596019871
164,"Avg_Access_time_days",1.05852842809365,2.44481605351171,-1.38628762541806
164,"Fraction_overtime",0.00167224080267559,0.00167224080267559,0
164,"Avg_Overtime_amount",0.000114796514830964,0.000854056865960239,-0.000739260351129275
165,"Avg_Waiting_room_delay",0.0360475825080158,0.0765728258561116,-0.0405252433480958
165,"Avg_Access_time_days",1.22359154929577,2.28345070422535,-1.05985915492958
165,"Fraction_overtime",0.00176056338028169,0.00528169014084507,-0.00352112676056338
165,"Avg_Overtime_amount",0.00128450108461051,0.000368091584743119,0.000916409499867394
166,"Avg_Waiting_room_delay",0.0494740484063477,0.0648321079343009,-0.0153580595279533
166,"Avg_Access_time_days",1.11226252158895,2.59240069084629,-1.48013816925734
166,"Fraction_overtime",0,0.00345423143350604,-0.00345423143350604
166,"Avg_Overtime_amount",0,0.00134642004855383,-0.00134642004855383
167,"Avg_Waiting_room_delay",0.0471156784656973,0.0672849233918868,-0.0201692449261895
167,"Avg_Access_time_days",1.06193078324226,2.183970856102,-1.12204007285974
167,"Fraction_overtime",0.00182149362477231,0.00364298724954463,-0.00182149362477231
167,"Avg_Overtime_amount",9.18846157060664e-05,0.000873835095384351,-0.000781950479678285
168,"Avg_Waiting_room_delay",0.0354310172716093,0.0544439406471098,-0.0190129233755005
168,"Avg_Access_time_days",1.0859649122807,2.21578947368421,-1.12982456140351
168,"Fraction_overtime",0.00350877192982456,0.00175438596491228,0.00175438596491228
168,"Avg_Overtime_amount",0.000299920567735176,0.000640934767013821,-0.000341014199278645
169,"Avg_Waiting_room_delay",0.0550114955881466,0.0562459782949858,-0.00123448270683915
169,"Avg_Access_time_days",1.10566037735849,2.19811320754717,-1.09245283018868
169,"Fraction_overtime",0,0.00188679245283019,-0.00188679245283019
169,"Avg_Overtime_amount",0,0.00024160953690842,-0.00024160953690842
170,"Avg_Waiting_room_delay",0.0447837590653053,0.0931809723926865,-0.0483972133273812
170,"Avg_Access_time_days",1.10357142857143,2.31785714285714,-1.21428571428571
170,"Fraction_overtime",0.00357142857142857,0.00535714285714286,-0.00178571428571429
170,"Avg_Overtime_amount",0.00105661505678018,0.00235608066834776,-0.00129946561156758
171,"Avg_Waiting_room_delay",0.0354483499461684,0.0883205801045716,-0.0528722301584032
171,"Avg_Access_time_days",1.17059891107078,2.58439201451906,-1.41379310344828
171,"Fraction_overtime",0.00544464609800363,0,0.00544464609800363
171,"Avg_Overtime_amount",0.000255033476602709,0,0.000255033476602709
172,"Avg_Waiting_room_delay",0.0427642163350579,0.0875507135231308,-0.0447864971880728
172,"Avg_Access_time_days",1.1472602739726,2.91267123287671,-1.76541095890411
172,"Fraction_overtime",0.00342465753424658,0.00684931506849315,-0.00342465753424658
172,"Avg_Overtime_amount",0.000435796520366522,0.00278671669121599,-0.00235092017084947
173,"Avg_Waiting_room_delay",0.0417695092972012,0.0832460705366519,-0.0414765612394507
173,"Avg_Access_time_days",1.16396396396396,2.67207207207207,-1.50810810810811
173,"Fraction_overtime",0,0.00900900900900901,-0.00900900900900901
173,"Avg_Overtime_amount",0,0.00275015503367653,-0.00275015503367653
174,"Avg_Waiting_room_delay",0.0394993593528454,0.0867190503568582,-0.0472196910040128
174,"Avg_Access_time_days",1.13333333333333,2.17017543859649,-1.03684210526316
174,"Fraction_overtime",0.00350877192982456,0.0087719298245614,-0.00526315789473684
174,"Avg_Overtime_amount",0.000957032980796045,0.0028214409537393,-0.00186440797294325
175,"Avg_Waiting_room_delay",0.0254557977384117,0.0575964070016749,-0.0321406092632632
175,"Avg_Access_time_days",1.22495606326889,2.28646748681898,-1.06151142355009
175,"Fraction_overtime",0.00527240773286467,0.00527240773286467,0
175,"Avg_Overtime_amount",0.00110548728812805,0.00242262091554668,-0.00131713362741863
176,"Avg_Waiting_room_delay",0.0459067232558157,0.0424548084288876,0.00345191482692806
176,"Avg_Access_time_days",1.07181328545781,2.42190305206463,-1.35008976660682
176,"Fraction_overtime",0,0.00179533213644524,-0.00179533213644524
176,"Avg_Overtime_amount",0,0.00011275287279111,-0.00011275287279111
177,"Avg_Waiting_room_delay",0.0447096516194527,0.0754163931166853,-0.0307067414972326
177,"Avg_Access_time_days",1.16750418760469,1.92629815745394,-0.758793969849246
177,"Fraction_overtime",0.0050251256281407,0.0050251256281407,0
177,"Avg_Overtime_amount",0.00166961942000323,0.00249206014090262,-0.000822440720899393
178,"Avg_Waiting_room_delay",0.0347241008835761,0.0696502908589393,-0.0349261899753632
178,"Avg_Access_time_days",1.0427807486631,1.83422459893048,-0.79144385026738
178,"Fraction_overtime",0.0035650623885918,0.0017825311942959,0.0017825311942959
178,"Avg_Overtime_amount",0.00155160627340667,0.000810196340046841,0.000741409933359827
179,"Avg_Waiting_room_delay",0.0546696897072888,0.0461983960858652,0.00847129362142361
179,"Avg_Access_time_days",1.0865561694291,2.92817679558011,-1.84162062615101
179,"Fraction_overtime",0.00368324125230203,0,0.00368324125230203
179,"Avg_Overtime_amount",0.000279991060495033,0,0.000279991060495033
180,"Avg_Waiting_room_delay",0.0452477622385386,0.0537931845121748,-0.00854542227363625
180,"Avg_Access_time_days",1.11469534050179,2.06810035842294,-0.953405017921147
180,"Fraction_overtime",0.003584229390681,0,0.003584229390681
180,"Avg_Overtime_amount",0.00077620515841611,0,0.00077620515841611
181,"Avg_Waiting_room_delay",0.0396443429745172,0.0891279741882288,-0.0494836312137116
181,"Avg_Access_time_days",1.15826086956522,2.6104347826087,-1.45217391304348
181,"Fraction_overtime",0.00173913043478261,0.00695652173913044,-0.00521739130434783
181,"Avg_Overtime_amount",0.000317050109877308,0.00326966965226636,-0.00295261954238905
182,"Avg_Waiting_room_delay",0.0336039893962102,0.0569343043237713,-0.0233303149275611
182,"Avg_Access_time_days",1.05555555555556,2.54838709677419,-1.49283154121864
182,"Fraction_overtime",0,0.0017921146953405,-0.0017921146953405
182,"Avg_Overtime_amount",0,7.89209310192902e-05,-7.89209310192902e-05
183,"Avg_Waiting_room_delay",0.0232800278987375,0.0485175244862775,-0.02523749658754
183,"Avg_Access_time_days",1.11835334476844,2.42710120068611,-1.30874785591767
183,"Fraction_overtime",0,0.00171526586620926,-0.00171526586620926
183,"Avg_Overtime_amount",0,2.12495074950776e-05,-2.12495074950776e-05
184,"Avg_Waiting_room_delay",0.0350233641684204,0.0788288916580545,-0.0438055274896341
184,"Avg_Access_time_days",1.14973262032086,2.59180035650624,-1.44206773618538
184,"Fraction_overtime",0.0017825311942959,0.0035650623885918,-0.0017825311942959
184,"Avg_Overtime_amount",0.000324962233831465,0.00328212799454862,-0.00295716576071715
185,"Avg_Waiting_room_delay",0.0344611714613756,0.0597102867939138,-0.0252491153325382
185,"Avg_Access_time_days",1.24521739130435,3.2104347826087,-1.96521739130435
185,"Fraction_overtime",0.00347826086956522,0.00347826086956522,0
185,"Avg_Overtime_amount",0.000974465045396137,0.000601178569606162,0.000373286475789975
186,"Avg_Waiting_room_delay",0.0383291076129306,0.0996495059729583,-0.0613203983600277
186,"Avg_Access_time_days",1.04251386321627,2.2181146025878,-1.17560073937153
186,"Fraction_overtime",0.00369685767097967,0.00739371534195933,-0.00369685767097967
186,"Avg_Overtime_amount",0.000785564000215922,0.00649318316512909,-0.00570761916491317
187,"Avg_Waiting_room_delay",0.0485820832801822,0.0567814094006449,-0.00819932612046267
187,"Avg_Access_time_days",1.15059221658206,2.47546531302876,-1.3248730964467
187,"Fraction_overtime",0.0050761421319797,0.0050761421319797,0
187,"Avg_Overtime_amount",0.00113346325094969,0.000504951498300764,0.000628511752648926
188,"Avg_Waiting_room_delay",0.0338548392113696,0.0566801324157059,-0.0228252932043363
188,"Avg_Access_time_days",1.14522058823529,2.29227941176471,-1.14705882352941
188,"Fraction_overtime",0.00551470588235294,0,0.00551470588235294
188,"Avg_Overtime_amount",0.000770468105970041,0,0.000770468105970041
189,"Avg_Waiting_room_delay",0.0282041133165519,0.0614171274397455,-0.0332130141231937
189,"Avg_Access_time_days",1.08,2.99272727272727,-1.91272727272727
189,"Fraction_overtime",0.00545454545454545,0.00545454545454545,0
189,"Avg_Overtime_amount",0.00187166667435316,0.00207880387893005,-0.000207137204576885
190,"Avg_Waiting_room_delay",0.0390171628190436,0.094669702908013,-0.0556525400889694
190,"Avg_Access_time_days",1.1038062283737,2.62629757785467,-1.52249134948097
190,"Fraction_overtime",0.00346020761245675,0.00519031141868512,-0.00173010380622837
190,"Avg_Overtime_amount",0.000726362394155031,0.00523930097551883,-0.0045129385813638
191,"Avg_Waiting_room_delay",0.0331287596234339,0.0580031955826323,-0.0248744359591984
191,"Avg_Access_time_days",1.10207939508507,2.58601134215501,-1.48393194706994
191,"Fraction_overtime",0,0.00189035916824197,-0.00189035916824197
191,"Avg_Overtime_amount",0,2.60511837232754e-05,-2.60511837232754e-05
192,"Avg_Waiting_room_delay",0.058545467537423,0.0770485531161704,-0.0185030855787474
192,"Avg_Access_time_days",1.03763440860215,2.74910394265233,-1.71146953405018
192,"Fraction_overtime",0.0017921146953405,0.00537634408602151,-0.003584229390681
192,"Avg_Overtime_amount",6.00243649447459e-05,0.00210340446852789,-0.00204338010358315
193,"Avg_Waiting_room_delay",0.0397188783996614,0.0426549397901952,-0.00293606139053389
193,"Avg_Access_time_days",1.07917383820998,2.63339070567986,-1.55421686746988
193,"Fraction_overtime",0,0.00172117039586919,-0.00172117039586919
193,"Avg_Overtime_amount",0,0.00083175374589984,-0.00083175374589984
194,"Avg_Waiting_room_delay",0.0473520550476904,0.0656553076930632,-0.0183032526453727
194,"Avg_Access_time_days",1.08892921960073,2.3448275862069,-1.25589836660617
194,"Fraction_overtime",0.00544464609800363,0.00544464609800363,0
194,"Avg_Overtime_amount",0.00111340097825979,0.001879185858251,-0.00076578487999121
195,"Avg_Waiting_room_delay",0.0452432267560635,0.0500897602360745,-0.00484653348001093
195,"Avg_Access_time_days",1.19614711033275,3.47460595446585,-2.2784588441331
195,"Fraction_overtime",0,0.00350262697022767,-0.00350262697022767
195,"Avg_Overtime_amount",0,0.000101997925754739,-0.000101997925754739
196,"Avg_Waiting_room_delay",0.0363329608822502,0.0696879293401897,-0.0333549684579395
196,"Avg_Access_time_days",1.05769230769231,2.52797202797203,-1.47027972027972
196,"Fraction_overtime",0.0034965034965035,0.0034965034965035,0
196,"Avg_Overtime_amount",0.000484262277227997,0.000324084300097393,0.000160177977130604
197,"Avg_Waiting_room_delay",0.0502428825459192,0.0794450306294954,-0.0292021480835762
197,"Avg_Access_time_days",1.25396825396825,2.75308641975309,-1.49911816578483
197,"Fraction_overtime",0.0141093474426808,0.00352733686067019,0.0105820105820106
197,"Avg_Overtime_amount",0.00168998730724905,0.00164403867349475,4.59486337542946e-05
198,"Avg_Waiting_room_delay",0.0381360980187218,0.0600311496865927,-0.0218950516678709
198,"Avg_Access_time_days",1.15167548500882,2.61199294532628,-1.46031746031746
198,"Fraction_overtime",0,0.0017636684303351,-0.0017636684303351
198,"Avg_Overtime_amount",0,0.000173942133824485,-0.000173942133824485
199,"Avg_Waiting_room_delay",0.0447925622404119,0.060483700657965,-0.015691138417553
199,"Avg_Access_time_days",1.11754068716094,2.21338155515371,-1.09584086799277
199,"Fraction_overtime",0,0.00180831826401447,-0.00180831826401447
199,"Avg_Overtime_amount",0,0.000505219795426241,-0.000505219795426241
200,"Avg_Waiting_room_delay",0.0303278085057209,0.0561050235831348,-0.0257772150774139
200,"Avg_Access_time_days",1.04237288135593,2.7864406779661,-1.74406779661017
200,"Fraction_overtime",0.00338983050847458,0.00169491525423729,0.00169491525423729
200,"Avg_Overtime_amount",0.000708529517132688,0.000255628573826545,0.000452900943306142
201,"Avg_Waiting_room_delay",0.0523203384083009,0.0549841101961099,-0.00266377178780906
201,"Avg_Access_time_days",1.19156414762742,2.59402460456942,-1.402460456942
201,"Fraction_overtime",0.00175746924428822,0.00175746924428822,0
201,"Avg_Overtime_amount",9.49843388520955e-05,6.34672569601357e-05,3.15170818919599e-05
202,"Avg_Waiting_room_delay",0.0280128779254251,0.0394685813748664,-0.0114557034494413
202,"Avg_Access_time_days",1.05457746478873,1.88028169014085,-0.825704225352113
202,"Fraction_overtime",0,0.00176056338028169,-0.00176056338028169
202,"Avg_Overtime_amount",0,0.000423280793664582,-0.000423280793664582
203,"Avg_Waiting_room_delay",0.0304689375127953,0.0701656104686991,-0.0396966729559038
203,"Avg_Access_time_days",1.14594594594595,2.55675675675676,-1.41081081081081
203,"Fraction_overtime",0.0018018018018018,0.0036036036036036,-0.0018018018018018
203,"Avg_Overtime_amount",1.70012710864751e-06,0.000372209736701388,-0.000370509609592741
204,"Avg_Waiting_room_delay",0.0266637014847595,0.0493193179466631,-0.0226556164619036
204,"Avg_Access_time_days",1.12706270627063,2.61221122112211,-1.48514851485148
204,"Fraction_overtime",0,0,0
204,"Avg_Overtime_amount",0,0,0
205,"Avg_Waiting_room_delay",0.0423704180698162,0.0564630958939203,-0.0140926778241041
205,"Avg_Access_time_days",1.17068965517241,2.49137931034483,-1.32068965517241
205,"Fraction_overtime",0.00344827586206897,0.00172413793103448,0.00172413793103448
205,"Avg_Overtime_amount",0.000350252096541073,0.000113341487039765,0.000236910609501308
206,"Avg_Waiting_room_delay",0.0464742410064987,0.0858382288851905,-0.0393639878786918
206,"Avg_Access_time_days",1.08586762075134,2.44722719141324,-1.3613595706619
206,"Fraction_overtime",0.0035778175313059,0.00178890876565295,0.00178890876565295
206,"Avg_Overtime_amount",0.000374368820348313,0.000528486367066521,-0.000154117546718208
207,"Avg_Waiting_room_delay",0.0316896333373777,0.0476386207305058,-0.0159489873931281
207,"Avg_Access_time_days",1.11826086956522,2.19652173913043,-1.07826086956522
207,"Fraction_overtime",0.00347826086956522,0.00173913043478261,0.00173913043478261
207,"Avg_Overtime_amount",0.000329987668460335,0.000217208100137037,0.000112779568323298
208,"Avg_Waiting_room_delay",0.0443972724274452,0.0627015445266806,-0.0183042720992354
208,"Avg_Access_time_days",1.25573192239859,2.58024691358025,-1.32451499118166
208,"Fraction_overtime",0.00352733686067019,0.00705467372134039,-0.00352733686067019
208,"Avg_Overtime_amount",0.000457616221436526,0.0026993904809933,-0.00224177425955677
209,"Avg_Waiting_room_delay",0.0302194110135412,0.0436248450429112,-0.01340543402937
209,"Avg_Access_time_days",1.16106194690265,2.43185840707965,-1.27079646017699
209,"Fraction_overtime",0.00176991150442478,0.00176991150442478,0
209,"Avg_Overtime_amount",0.000570234075738947,0.00045547719070511,0.000114756885033837
210,"Avg_Waiting_room_delay",0.0391340571208705,0.0461465550170003,-0.00701249789612978
210,"Avg_Access_time_days",1.12546125461255,2.14575645756458,-1.02029520295203
210,"Fraction_overtime",0.0018450184501845,0.003690036900369,-0.0018450184501845
210,"Avg_Overtime_amount",0.0003423064408838,0.00126047088395275,-0.000918164443068945
211,"Avg_Waiting_room_delay",0.0359567251413035,0.0417568178950897,-0.00580009275378619
211,"Avg_Access_time_days",1.08304498269896,2.36851211072664,-1.28546712802768
211,"Fraction_overtime",0.0069204152249135,0.00519031141868512,0.00173010380622837
211,"Avg_Overtime_amount",0.00192916607953905,0.000312213779857928,0.00161695229968112
212,"Avg_Waiting_room_delay",0.0459442994223419,0.0935938141030903,-0.0476495146807484
212,"Avg_Access_time_days",1.12262521588946,2.38341968911917,-1.26079447322971
212,"Fraction_overtime",0.00518134715025907,0.00518134715025907,0
212,"Avg_Overtime_amount",0.000423714449023998,0.00144876797953504,-0.00102505353051104
213,"Avg_Waiting_room_delay",0.0333477783484979,0.0504868884537434,-0.0171391101052456
213,"Avg_Access_time_days",1.0709219858156,2.72695035460993,-1.65602836879433
213,"Fraction_overtime",0.00531914893617021,0,0.00531914893617021
213,"Avg_Overtime_amount",0.000784307003986015,0,0.000784307003986015
214,"Avg_Waiting_room_delay",0.0410877207511903,0.047857371355918,-0.0067696506047277
214,"Avg_Access_time_days",1.12037037037037,2.31111111111111,-1.19074074074074
214,"Fraction_overtime",0,0,0
214,"Avg_Overtime_amount",0,0,0
215,"Avg_Waiting_room_delay",0.0459663389665089,0.0712247566808727,-0.0252584177143638
215,"Avg_Access_time_days",1.09717314487633,2.50353356890459,-1.40636042402827
215,"Fraction_overtime",0.00176678445229682,0.00353356890459364,-0.00176678445229682
215,"Avg_Overtime_amount",5.97337656938238e-06,0.0019545521971807,-0.00194857882061131
216,"Avg_Waiting_room_delay",0.0439373250765384,0.0693113333259999,-0.0253740082494614
216,"Avg_Access_time_days",1.1726618705036,2.60971223021583,-1.43705035971223
216,"Fraction_overtime",0,0.00539568345323741,-0.00539568345323741
216,"Avg_Overtime_amount",0,0.00225841750546833,-0.00225841750546833
217,"Avg_Waiting_room_delay",0.0358359561795702,0.0676367377577871,-0.031800781578217
217,"Avg_Access_time_days",1.05693950177936,2.27580071174377,-1.21886120996441
217,"Fraction_overtime",0.00177935943060498,0.00177935943060498,0
217,"Avg_Overtime_amount",0.000499158800085806,0.000482255619952888,1.69031801329179e-05
218,"Avg_Waiting_room_delay",0.0390707369280038,0.0476893458581955,-0.00861860893019175
218,"Avg_Access_time_days",1.06296296296296,2.17222222222222,-1.10925925925926
218,"Fraction_overtime",0,0.00185185185185185,-0.00185185185185185
218,"Avg_Overtime_amount",0,7.55551634061331e-05,-7.55551634061331e-05
219,"Avg_Waiting_room_delay",0.0473254874772777,0.0611512115405953,-0.0138257240633175
219,"Avg_Access_time_days",1.09122203098107,3.04819277108434,-1.95697074010327
219,"Fraction_overtime",0,0.00172117039586919,-0.00172117039586919
219,"Avg_Overtime_amount",0,0.000205566930059587,-0.000205566930059587
220,"Avg_Waiting_room_delay",0.0431030035248673,0.087433207868095,-0.0443302043432277
220,"Avg_Access_time_days",1.16,2.28190476190476,-1.12190476190476
220,"Fraction_overtime",0.00761904761904762,0.00571428571428571,0.0019047619047619
220,"Avg_Overtime_amount",0.00202389154874858,0.00126216466091662,0.000761726887831952
221,"Avg_Waiting_room_delay",0.0390596015686585,0.0811238734647386,-0.0420642718960801
221,"Avg_Access_time_days",1.13422818791946,2.3489932885906,-1.21476510067114
221,"Fraction_overtime",0,0.00671140939597315,-0.00671140939597315
221,"Avg_Overtime_amount",0,0.00268619009428817,-0.00268619009428817
222,"Avg_Waiting_room_delay",0.0370933493925309,0.0602105523012318,-0.023117202908701
222,"Avg_Access_time_days",1.05693950177936,1.96797153024911,-0.911032028469751
222,"Fraction_overtime",0.00355871886120996,0.00177935943060498,0.00177935943060498
222,"Avg_Overtime_amount",0.000244490820838196,9.85400633915933e-05,0.000145950757446603
223,"Avg_Waiting_room_delay",0.0464844468170686,0.0701555312232681,-0.0236710844061995
223,"Avg_Access_time_days",1.05415162454874,1.48375451263538,-0.429602888086642
223,"Fraction_overtime",0.00180505415162455,0.00180505415162455,0
223,"Avg_Overtime_amount",0.000332424129733971,0.000340039732450519,-7.6156027165481e-06
224,"Avg_Waiting_room_delay",0.0416335498667026,0.05203395923597,-0.0104004093692674
224,"Avg_Access_time_days",1.18608695652174,2.37565217391304,-1.1895652173913
224,"Fraction_overtime",0,0.00173913043478261,-0.00173913043478261
224,"Avg_Overtime_amount",0,4.47374609951028e-05,-4.47374609951028e-05
225,"Avg_Waiting_room_delay",0.0393231194375484,0.0716062620301891,-0.0322831425926407
225,"Avg_Access_time_days",1.13019891500904,2.5877034358047,-1.45750452079566
225,"Fraction_overtime",0.00180831826401447,0.00180831826401447,0
225,"Avg_Overtime_amount",0.000509519777635463,0.000267541233759395,0.000241978543876068
226,"Avg_Waiting_room_delay",0.0483921723253115,0.034005928137562,0.0143862441877495
226,"Avg_Access_time_days",1.12035398230089,2.06017699115044,-0.939823008849557
226,"Fraction_overtime",0,0,0
226,"Avg_Overtime_amount",0,0,0
227,"Avg_Waiting_room_delay",0.0352029747692041,0.055033921724155,-0.0198309469549508
227,"Avg_Access_time_days",1.04102564102564,2.12820512820513,-1.08717948717949
227,"Fraction_overtime",0.00341880341880342,0,0.00341880341880342
227,"Avg_Overtime_amount",0.00120483085655506,0,0.00120483085655506
228,"Avg_Waiting_room_delay",0.042384397923001,0.0568364207654403,-0.0144520228424393
228,"Avg_Access_time_days",1.08159722222222,2.65104166666667,-1.56944444444444
228,"Fraction_overtime",0.00173611111111111,0.00347222222222222,-0.00173611111111111
228,"Avg_Overtime_amount",8.24011342820767e-05,0.00157933340820846,-0.00149693227392638
229,"Avg_Waiting_room_delay",0.0382298469846528,0.0637506760513767,-0.0255208290667239
229,"Avg_Access_time_days",1.08260105448155,2.43057996485062,-1.34797891036907
229,"Fraction_overtime",0.00175746924428822,0.00351493848857645,-0.00175746924428822
229,"Avg_Overtime_amount",2.03627907691222e-05,0.00164068928333907,-0.00162032649256995
230,"Avg_Waiting_room_delay",0.0411455199819564,0.0836090980784049,-0.0424635780964485
230,"Avg_Access_time_days",1.19898819561551,2.61214165261383,-1.41315345699831
230,"Fraction_overtime",0.00168634064080944,0.00337268128161889,-0.00168634064080944
230,"Avg_Overtime_amount",0.000315658826049236,0.00152841877557255,-0.00121275994952331
231,"Avg_Waiting_room_delay",0.0476048980934647,0.0806197257432921,-0.0330148276498273
231,"Avg_Access_time_days",1.11295681063123,2.68272425249169,-1.56976744186047
231,"Fraction_overtime",0.00166112956810631,0.00996677740863787,-0.00830564784053156
231,"Avg_Overtime_amount",0.000140037615482856,0.0070698353574862,-0.00692979774200335
232,"Avg_Waiting_room_delay",0.0511481723908735,0.0607765815680213,-0.00962840917714783
232,"Avg_Access_time_days",1.09734513274336,2.73628318584071,-1.63893805309735
232,"Fraction_overtime",0.00353982300884956,0.00707964601769911,-0.00353982300884956
232,"Avg_Overtime_amount",0.00054845383686966,0.00388453826400232,-0.00333608442713266
233,"Avg_Waiting_room_delay",0.0460164644723652,0.0665385675690771,-0.0205221030967119
233,"Avg_Access_time_days",1.04982206405694,2.15836298932384,-1.1085409252669
233,"Fraction_overtime",0,0.00355871886120996,-0.00355871886120996
233,"Avg_Overtime_amount",0,0.000818599535794853,-0.000818599535794853
234,"Avg_Waiting_room_delay",0.0342961753702548,0.0527115995254306,-0.0184154241551759
234,"Avg_Access_time_days",1.17578772802653,3.30348258706468,-2.12769485903814
234,"Fraction_overtime",0,0.00165837479270315,-0.00165837479270315
234,"Avg_Overtime_amount",0,0.000951444104795453,-0.000951444104795453
235,"Avg_Waiting_room_delay",0.037161047890116,0.0422858183489429,-0.00512477045882683
235,"Avg_Access_time_days",1.07155963302752,2.1651376146789,-1.09357798165138
235,"Fraction_overtime",0.0018348623853211,0.0055045871559633,-0.0036697247706422
235,"Avg_Overtime_amount",0.000127229045144767,0.000992956709957654,-0.000865727664812887
236,"Avg_Waiting_room_delay",0.0311912177376252,0.0662788383328581,-0.0350876205952329
236,"Avg_Access_time_days",1.10069444444444,2.04340277777778,-0.942708333333333
236,"Fraction_overtime",0.00347222222222222,0.00173611111111111,0.00173611111111111
236,"Avg_Overtime_amount",0.000163436464649823,0.000542021323337361,-0.000378584858687537
237,"Avg_Waiting_room_delay",0.026779695749806,0.0600884279238353,-0.0333087321740293
237,"Avg_Access_time_days",1.13705583756345,2.50253807106599,-1.36548223350254
237,"Fraction_overtime",0,0.00338409475465313,-0.00338409475465313
237,"Avg_Overtime_amount",0,0.000460966101895838,-0.000460966101895838
238,"Avg_Waiting_room_delay",0.042759090084398,0.0590472853673137,-0.0162881952829157
238,"Avg_Access_time_days",1.09139784946237,2.5663082437276,-1.47491039426523
238,"Fraction_overtime",0,0.00716845878136201,-0.00716845878136201
238,"Avg_Overtime_amount",0,0.00202000100785187,-0.00202000100785187
239,"Avg_Waiting_room_delay",0.0670662213104837,0.0868058610422737,-0.01973963973179
239,"Avg_Access_time_days",1.06484641638225,1.53754266211604,-0.472696245733788
239,"Fraction_overtime",0.00170648464163823,0.00853242320819113,-0.0068259385665529
239,"Avg_Overtime_amount",0.000522179955395938,0.00444175191190168,-0.00391957195650574
240,"Avg_Waiting_room_delay",0.0409779252568578,0.0843699484346416,-0.0433920231777838
240,"Avg_Access_time_days",1.09090909090909,2.36898395721925,-1.27807486631016
240,"Fraction_overtime",0,0.0035650623885918,-0.0035650623885918
240,"Avg_Overtime_amount",0,0.000218507630994996,-0.000218507630994996
241,"Avg_Waiting_room_delay",0.0512009157098438,0.0531622762811753,-0.00196136057133148
241,"Avg_Access_time_days",1.13602941176471,2.05514705882353,-0.919117647058824
241,"Fraction_overtime",0.00183823529411765,0.00551470588235294,-0.00367647058823529
241,"Avg_Overtime_amount",5.96795394154947e-05,0.00221786446995406,-0.00215818493053856
242,"Avg_Waiting_room_delay",0.0299913098470491,0.0368187024582886,-0.0068273926112395
242,"Avg_Access_time_days",1.16757741347905,2.27868852459016,-1.11111111111111
242,"Fraction_overtime",0.00182149362477231,0,0.00182149362477231
242,"Avg_Overtime_amount",4.33517503167397e-05,0,4.33517503167397e-05
243,"Avg_Waiting_room_delay",0.0354071559831084,0.0824446565366852,-0.0470375005535768
243,"Avg_Access_time_days",1.1728624535316,1.94423791821561,-0.771375464684015
243,"Fraction_overtime",0.00371747211895911,0.00557620817843866,-0.00185873605947955
243,"Avg_Overtime_amount",0.000428408838723514,0.00293434643119005,-0.00250593759246654
244,"Avg_Waiting_room_delay",0.0379069876508275,0.0589432356007016,-0.021036247949874
244,"Avg_Access_time_days",1.30479452054795,2.11643835616438,-0.811643835616438
244,"Fraction_overtime",0.00342465753424658,0.00342465753424658,0
244,"Avg_Overtime_amount",0.000104424255360581,0.00119040375986124,-0.00108597950450066
245,"Avg_Waiting_room_delay",0.043248441579851,0.0622756946154971,-0.0190272530356461
245,"Avg_Access_time_days",1.06375227686703,2.46812386156648,-1.40437158469945
245,"Fraction_overtime",0,0.00364298724954463,-0.00364298724954463
245,"Avg_Overtime_amount",0,0.00180375122765315,-0.00180375122765315
246,"Avg_Waiting_room_delay",0.0358584693653859,0.0416304746647808,-0.00577200529939486
246,"Avg_Access_time_days",1.11245674740484,2.7681660899654,-1.65570934256055
246,"Fraction_overtime",0,0.00173010380622837,-0.00173010380622837
246,"Avg_Overtime_amount",0,0.000341205066931814,-0.000341205066931814
247,"Avg_Waiting_room_delay",0.0409799808535121,0.0663069504825117,-0.0253269696289996
247,"Avg_Access_time_days",1.12678571428571,2.14821428571429,-1.02142857142857
247,"Fraction_overtime",0.00357142857142857,0.00535714285714286,-0.00178571428571429
247,"Avg_Overtime_amount",0.000279899924489259,0.00170052806279604,-0.00142062813830678
248,"Avg_Waiting_room_delay",0.054882323708346,0.0926081889596246,-0.0377258652512786
248,"Avg_Access_time_days",1.06548672566372,2.13274336283186,-1.06725663716814
248,"Fraction_overtime",0.00353982300884956,0.00176991150442478,0.00176991150442478
248,"Avg_Overtime_amount",0.00127930993572961,0.000527129941354068,0.000752179994375539
249,"Avg_Waiting_room_delay",0.0444336030537178,0.0701056693258444,-0.0256720662721266
249,"Avg_Access_time_days",1.07052441229656,2.74321880650995,-1.67269439421338
249,"Fraction_overtime",0,0.00361663652802893,-0.00361663652802893
249,"Avg_Overtime_amount",0,0.000967289509183983,-0.000967289509183983
250,"Avg_Waiting_room_delay",0.0432276113101859,0.0495035143470393,-0.00627590303685337
250,"Avg_Access_time_days",1.13888888888889,2.63888888888889,-1.5
250,"Fraction_overtime",0.00185185185185185,0.00185185185185185,0
250,"Avg_Overtime_amount",0.000543301609168044,0.000429407144002262,0.000113894465165782
251,"Avg_Waiting_room_delay",0.0431206116014436,0.0480595616120759,-0.00493895001063233
251,"Avg_Access_time_days",1.05631399317406,2.63139931740614,-1.57508532423208
251,"Fraction_overtime",0.00341296928327645,0.00170648464163823,0.00170648464163823
251,"Avg_Overtime_amount",0.000130230570242478,0.000194745945441642,-6.45153751991636e-05
252,"Avg_Waiting_room_delay",0.0317043466187319,0.0567679118163214,-0.0250635651975896
252,"Avg_Access_time_days",1.11304347826087,2.20695652173913,-1.09391304347826
252,"Fraction_overtime",0.00521739130434783,0,0.00521739130434783
252,"Avg_Overtime_amount",0.000930200932436434,0,0.000930200932436434
253,"Avg_Waiting_room_delay",0.0500709942890251,0.0737656633423628,-0.0236946690533377
253,"Avg_Access_time_days",1.08078994614004,2.67504488330341,-1.59425493716338
253,"Fraction_overtime",0.00179533213644524,0.00718132854578097,-0.00538599640933573
253,"Avg_Overtime_amount",0.000338863952759965,0.00230612871155177,-0.0019672647587918
254,"Avg_Waiting_room_delay",0.0458983068120654,0.053740314243343,-0.00784200743127753
254,"Avg_Access_time_days",1.24464285714286,3.09821428571429,-1.85357142857143
254,"Fraction_overtime",0,0,0
254,"Avg_Overtime_amount",0,0,0
255,"Avg_Waiting_room_delay",0.0481293550009411,0.0573116733797046,-0.00918231837876351
255,"Avg_Access_time_days",1.16300366300366,2.18681318681319,-1.02380952380952
255,"Fraction_overtime",0.00366300366300366,0.00549450549450549,-0.00183150183150183
255,"Avg_Overtime_amount",0.00109757460015001,0.000296298585076407,0.000801276015073605
256,"Avg_Waiting_room_delay",0.0409171445889167,0.0702233783620969,-0.0293062337731803
256,"Avg_Access_time_days",1.12631578947368,2.69298245614035,-1.56666666666667
256,"Fraction_overtime",0.00350877192982456,0.012280701754386,-0.0087719298245614
256,"Avg_Overtime_amount",0.000954929790565161,0.00426600057921473,-0.00331107078864957
257,"Avg_Waiting_room_delay",0.0424914642068921,0.114615570021324,-0.0721241058144323
257,"Avg_Access_time_days",1.21441774491682,2.24953789279113,-1.03512014787431
257,"Fraction_overtime",0.00184842883548983,0.00184842883548983,0
257,"Avg_Overtime_amount",9.81960126980222e-05,0.000922618578997804,-0.000824422566299782
258,"Avg_Waiting_room_delay",0.0449946987566684,0.0499495860930613,-0.00495488733639289
258,"Avg_Access_time_days",1.19663865546218,3.16638655462185,-1.96974789915966
258,"Fraction_overtime",0.00168067226890756,0.00336134453781513,-0.00168067226890756
258,"Avg_Overtime_amount",0.00026846230923046,0.000985191402860111,-0.000716729093629651
259,"Avg_Waiting_room_delay",0.0415449076569008,0.0669142983140322,-0.0253693906571313
259,"Avg_Access_time_days",1.25817555938038,2.94836488812392,-1.69018932874355
259,"Fraction_overtime",0.00516351118760757,0,0.00516351118760757
259,"Avg_Overtime_amount",0.0012095996406411,0,0.0012095996406411
260,"Avg_Waiting_room_delay",0.0396406237697638,0.0855827850690532,-0.0459421612992893
260,"Avg_Access_time_days",1.15566835871404,2.57868020304569,-1.42301184433164
260,"Fraction_overtime",0,0.00846023688663283,-0.00846023688663283
260,"Avg_Overtime_amount",0,0.00139707250807666,-0.00139707250807666
261,"Avg_Waiting_room_delay",0.0492357959560338,0.0680084847758339,-0.0187726888198
261,"Avg_Access_time_days",1.0507880910683,2.08581436077058,-1.03502626970228
261,"Fraction_overtime",0.00175131348511384,0.00175131348511384,0
261,"Avg_Overtime_amount",0.00103409268478281,0.00145996919334933,-0.000425876508566519
262,"Avg_Waiting_room_delay",0.0271396481660734,0.0464395966642961,-0.0192999484982227
262,"Avg_Access_time_days",1.09391304347826,2.32,-1.22608695652174
262,"Fraction_overtime",0,0.00173913043478261,-0.00173913043478261
262,"Avg_Overtime_amount",0,0.000305304152930692,-0.000305304152930692
263,"Avg_Waiting_room_delay",0.0357132225836082,0.0543624648504139,-0.0186492422668057
263,"Avg_Access_time_days",1.03150912106136,2.61525704809287,-1.58374792703151
263,"Fraction_overtime",0.00165837479270315,0.0033167495854063,-0.00165837479270315
263,"Avg_Overtime_amount",0.00036580364224409,0.000471756195982117,-0.000105952553738027
264,"Avg_Waiting_room_delay",0.0340281342843114,0.0616075605215268,-0.0275794262372154
264,"Avg_Access_time_days",1.15465729349736,2.57117750439367,-1.41652021089631
264,"Fraction_overtime",0,0.00527240773286467,-0.00527240773286467
264,"Avg_Overtime_amount",0,0.001358965880848,-0.001358965880848
265,"Avg_Waiting_room_delay",0.0437698705303216,0.0533197924549939,-0.00954992192467229
265,"Avg_Access_time_days",1.09137931034483,2.29310344827586,-1.20172413793103
265,"Fraction_overtime",0.00172413793103448,0.00344827586206897,-0.00172413793103448
265,"Avg_Overtime_amount",0.00015125335085202,0.0010621124864014,-0.00091085913554938
266,"Avg_Waiting_room_delay",0.038600029556176,0.0509599902695347,-0.0123599607133587
266,"Avg_Access_time_days",1.07078039927405,2.15789473684211,-1.08711433756806
266,"Fraction_overtime",0,0,0
266,"Avg_Overtime_amount",0,0,0
267,"Avg_Waiting_room_delay",0.0525485173183703,0.082182210289565,-0.0296336929711946
267,"Avg_Access_time_days",1.08143939393939,1.83143939393939,-0.75
267,"Fraction_overtime",0.00378787878787879,0.00757575757575758,-0.00378787878787879
267,"Avg_Overtime_amount",0.000353425180654328,0.00550887958549332,-0.00515545440483899
268,"Avg_Waiting_room_delay",0.0335719022448672,0.0689486143101335,-0.0353767120652663
268,"Avg_Access_time_days",1.07781456953642,1.98509933774834,-0.907284768211921
268,"Fraction_overtime",0.00165562913907285,0.00496688741721854,-0.0033112582781457
268,"Avg_Overtime_amount",9.73727907851264e-05,0.00181911311759078,-0.00172174032680565
269,"Avg_Waiting_room_delay",0.0412734943087583,0.0344719268906379,0.00680156741812039
269,"Avg_Access_time_days",1.10545454545455,2.19636363636364,-1.09090909090909
269,"Fraction_overtime",0.00181818181818182,0.00181818181818182,0
269,"Avg_Overtime_amount",0.000244516993259606,0.000609379796155942,-0.000364862802896336
270,"Avg_Waiting_room_delay",0.0440956155776108,0.0545021315988802,-0.0104065160212695
270,"Avg_Access_time_days",1.12880143112701,2.89087656529517,-1.76207513416816
270,"Fraction_overtime",0,0.0035778175313059,-0.0035778175313059
270,"Avg_Overtime_amount",0,0.000493618054069811,-0.000493618054069811
271,"Avg_Waiting_room_delay",0.0366965801729431,0.0520483636032995,-0.0153517834303564
271,"Avg_Access_time_days",1.10200364298725,1.90346083788707,-0.801457194899818
271,"Fraction_overtime",0.00182149362477231,0.00182149362477231,0
271,"Avg_Overtime_amount",0.000630690523806408,6.00186708210357e-05,0.000570671852985372
272,"Avg_Waiting_room_delay",0.0514417114744928,0.0496501622110845,0.00179154926340831
272,"Avg_Access_time_days",1.0530035335689,2.49116607773852,-1.43816254416961
272,"Fraction_overtime",0.00530035335689046,0.00353356890459364,0.00176678445229682
272,"Avg_Overtime_amount",0.00140972680494595,0.00274317600175262,-0.00133344919680667
273,"Avg_Waiting_room_delay",0.0393151564903463,0.0688551951205026,-0.0295400386301563
273,"Avg_Access_time_days",1.11035653650255,2.15789473684211,-1.04753820033956
273,"Fraction_overtime",0.0033955857385399,0.0067911714770798,-0.0033955857385399
273,"Avg_Overtime_amount",0.000807552546998326,0.00194116530697401,-0.00113361275997568
274,"Avg_Waiting_room_delay",0.0434797292160611,0.0512470636928589,-0.00776733447679775
274,"Avg_Access_time_days",1.15140186915888,2.83177570093458,-1.6803738317757
274,"Fraction_overtime",0.00186915887850467,0.00747663551401869,-0.00560747663551402
274,"Avg_Overtime_amount",0.000319282189090287,0.00125291288614864,-0.000933630697058349
275,"Avg_Waiting_room_delay",0.0365245687833344,0.0567802048455945,-0.0202556360622601
275,"Avg_Access_time_days",1.10552763819095,1.8391959798995,-0.733668341708543
275,"Fraction_overtime",0.0050251256281407,0.0050251256281407,0
275,"Avg_Overtime_amount",0.000470401891316444,0.00173135193906035,-0.0012609500477439
276,"Avg_Waiting_room_delay",0.0454619283828903,0.044407442561439,0.00105448582145128
276,"Avg_Access_time_days",1.19387755102041,2.5969387755102,-1.4030612244898
276,"Fraction_overtime",0.00340136054421769,0.00170068027210884,0.00170068027210884
276,"Avg_Overtime_amount",0.0011593176769053,0.000341126272340126,0.00081819140456517
277,"Avg_Waiting_room_delay",0.0343275268835877,0.0515406290814407,-0.017213102197853
277,"Avg_Access_time_days",1.16751269035533,2.69035532994924,-1.52284263959391
277,"Fraction_overtime",0.00169204737732657,0.00338409475465313,-0.00169204737732657
277,"Avg_Overtime_amount",2.28953572814935e-05,0.00058084703525028,-0.000557951677968787
278,"Avg_Waiting_room_delay",0.0423712960276432,0.0732011036497824,-0.0308298076221392
278,"Avg_Access_time_days",1.1500904159132,2.50271247739602,-1.35262206148282
278,"Fraction_overtime",0,0.0054249547920434,-0.0054249547920434
278,"Avg_Overtime_amount",0,0.0019950746882035,-0.0019950746882035
279,"Avg_Waiting_room_delay",0.0452489543121128,0.079162730716975,-0.0339137764048622
279,"Avg_Access_time_days",1.07326007326007,1.61721611721612,-0.543956043956044
279,"Fraction_overtime",0,0.00366300366300366,-0.00366300366300366
279,"Avg_Overtime_amount",0,0.000855870869481928,-0.000855870869481928
280,"Avg_Waiting_room_delay",0.0412420157129719,0.0790147976583081,-0.0377727819453361
280,"Avg_Access_time_days",1.12147887323944,2.52464788732394,-1.40316901408451
280,"Fraction_overtime",0,0.00352112676056338,-0.00352112676056338
280,"Avg_Overtime_amount",0,0.000528080401401039,-0.000528080401401039
281,"Avg_Waiting_room_delay",0.0440941412176076,0.0476564376732563,-0.00356229645564864
281,"Avg_Access_time_days",1.13586956521739,1.94565217391304,-0.809782608695652
281,"Fraction_overtime",0.0036231884057971,0.00181159420289855,0.00181159420289855
281,"Avg_Overtime_amount",0.000302761065712897,0.000983533469024103,-0.000680772403311206
282,"Avg_Waiting_room_delay",0.043947693163756,0.0665032813532377,-0.0225555881894817
282,"Avg_Access_time_days",1.13358070500928,1.98330241187384,-0.849721706864564
282,"Fraction_overtime",0,0.00742115027829314,-0.00742115027829314
282,"Avg_Overtime_amount",0,0.00106277512662186,-0.00106277512662186
283,"Avg_Waiting_room_delay",0.0346637550380447,0.0742777566922735,-0.0396140016542288
283,"Avg_Access_time_days",1.04936014625229,2.46069469835466,-1.41133455210238
283,"Fraction_overtime",0.00182815356489945,0.00914076782449726,-0.00731261425959781
283,"Avg_Overtime_amount",0.000244322684384769,0.00463242782962033,-0.00438810514523556
284,"Avg_Waiting_room_delay",0.0599405081401853,0.0557534349966394,0.00418707314354592
284,"Avg_Access_time_days",1.16901408450704,2.37852112676056,-1.20950704225352
284,"Fraction_overtime",0.00352112676056338,0,0.00352112676056338
284,"Avg_Overtime_amount",0.0010186382776288,0,0.0010186382776288
285,"Avg_Waiting_room_delay",0.0416204183295322,0.0834365913596094,-0.0418161730300772
285,"Avg_Access_time_days",1.08605851979346,1.8829604130809,-0.796901893287435
285,"Fraction_overtime",0,0.00860585197934595,-0.00860585197934595
285,"Avg_Overtime_amount",0,0.00303448875792971,-0.00303448875792971
286,"Avg_Waiting_room_delay",0.034408080196287,0.0600404767971627,-0.0256323966008756
286,"Avg_Access_time_days",1.14163822525597,2.16894197952218,-1.02730375426621
286,"Fraction_overtime",0.00170648464163823,0.00341296928327645,-0.00170648464163823
286,"Avg_Overtime_amount",0.000449511020943546,0.00113827371795758,-0.000688762697014037
287,"Avg_Waiting_room_delay",0.0439452752990722,0.0557380885866824,-0.0117928132876102
287,"Avg_Access_time_days",1.075,2.37115384615385,-1.29615384615385
287,"Fraction_overtime",0.00192307692307692,0.00192307692307692,0
287,"Avg_Overtime_amount",0.000101031950987328,0.000589949059356288,-0.00048891710836896
288,"Avg_Waiting_room_delay",0.031570801819096,0.0704078029879119,-0.0388370011688159
288,"Avg_Access_time_days",1.11387900355872,2.3220640569395,-1.20818505338078
288,"Fraction_overtime",0,0,0
288,"Avg_Overtime_amount",0,0,0
289,"Avg_Waiting_room_delay",0.0333806030032812,0.0502958503304279,-0.0169152473271467
289,"Avg_Access_time_days",1.30541012216405,2.80104712041885,-1.4956369982548
289,"Fraction_overtime",0,0.00174520069808028,-0.00174520069808028
289,"Avg_Overtime_amount",0,0.00112795936359227,-0.00112795936359227
290,"Avg_Waiting_room_delay",0.0542024754756348,0.0459449095848161,0.00825756589081868
290,"Avg_Access_time_days",1.16243654822335,3.3248730964467,-2.16243654822335
290,"Fraction_overtime",0.00338409475465313,0,0.00338409475465313
290,"Avg_Overtime_amount",0.000207789077881858,0,0.000207789077881858
291,"Avg_Waiting_room_delay",0.0463129484621735,0.0912039118322532,-0.0448909633700796
291,"Avg_Access_time_days",1.09694793536804,2.48473967684022,-1.38779174147217
291,"Fraction_overtime",0.00359066427289048,0.0107719928186715,-0.00718132854578097
291,"Avg_Overtime_amount",0.000167407387936415,0.00390414405723156,-0.00373673666929515
292,"Avg_Waiting_room_delay",0.0346724512311715,0.0770000154677731,-0.0423275642366017
292,"Avg_Access_time_days",1.06371681415929,1.86548672566372,-0.801769911504425
292,"Fraction_overtime",0,0.00707964601769911,-0.00707964601769911
292,"Avg_Overtime_amount",0,0.00292274589772684,-0.00292274589772684
293,"Avg_Waiting_room_delay",0.0406538155154246,0.0698697475090904,-0.0292159319936659
293,"Avg_Access_time_days",1.09601449275362,2.49275362318841,-1.39673913043478
293,"Fraction_overtime",0,0.00543478260869565,-0.00543478260869565
293,"Avg_Overtime_amount",0,0.00111997402879162,-0.00111997402879162
294,"Avg_Waiting_room_delay",0.0463885202834906,0.0467594420022098,-0.000370921718719212
294,"Avg_Access_time_days",1.08347826086957,2.71304347826087,-1.6295652173913
294,"Fraction_overtime",0.00347826086956522,0,0.00347826086956522
294,"Avg_Overtime_amount",0.00058289157668284,0,0.00058289157668284
295,"Avg_Waiting_room_delay",0.0316845522305706,0.0625399015432481,-0.0308553493126774
295,"Avg_Access_time_days",1.0369685767098,2.11090573012939,-1.07393715341959
295,"Fraction_overtime",0,0.00369685767097967,-0.00369685767097967
295,"Avg_Overtime_amount",0,0.00105611101985852,-0.00105611101985852
296,"Avg_Waiting_room_delay",0.0473336433792952,0.0587485688653403,-0.0114149254860451
296,"Avg_Access_time_days",1.02251407129456,1.66979362101313,-0.647279549718574
296,"Fraction_overtime",0.00187617260787992,0.00375234521575985,-0.00187617260787992
296,"Avg_Overtime_amount",0.000230112118642506,0.000949309475590741,-0.000719197356948234
297,"Avg_Waiting_room_delay",0.0379444889055783,0.0763445311236713,-0.0384000422180929
297,"Avg_Access_time_days",1.05555555555556,1.75185185185185,-0.696296296296296
297,"Fraction_overtime",0,0.0037037037037037,-0.0037037037037037
297,"Avg_Overtime_amount",0,0.000891996541798553,-0.000891996541798553
298,"Avg_Waiting_room_delay",0.0556905450055029,0.0773896292081698,-0.0216990842026669
298,"Avg_Access_time_days",1.21851851851852,2.25740740740741,-1.03888888888889
298,"Fraction_overtime",0.00185185185185185,0.00185185185185185,0
298,"Avg_Overtime_amount",0.00118322054292491,0.0007293565786474,0.000453863964277511
299,"Avg_Waiting_room_delay",0.041696400396006,0.0810722125388919,-0.0393758121428859
299,"Avg_Access_time_days",1.06993006993007,2.39510489510489,-1.32517482517482
299,"Fraction_overtime",0.00524475524475524,0.00174825174825175,0.0034965034965035
299,"Avg_Overtime_amount",0.00204054167304334,0.000839234241827399,0.00120130743121595
300,"Avg_Waiting_room_delay",0.0542691837822743,0.0666194047272679,-0.0123502209449935
300,"Avg_Access_time_days",1.03308823529412,2.14889705882353,-1.11580882352941
300,"Fraction_overtime",0.00183823529411765,0,0.00183823529411765
300,"Avg_Overtime_amount",0.000354212765441544,0,0.000354212765441544
301,"Avg_Waiting_room_delay",0.03421545195709,0.0403218931545729,-0.00610644119748288
301,"Avg_Access_time_days",1.11209964412811,2.60498220640569,-1.49288256227758
301,"Fraction_overtime",0,0.00177935943060498,-0.00177935943060498
301,"Avg_Overtime_amount",0,0.00096289131879591,-0.00096289131879591
302,"Avg_Waiting_room_delay",0.0378540722827306,0.0515602198648437,-0.013706147582113
302,"Avg_Access_time_days",1.10749185667752,2.66123778501629,-1.55374592833876
302,"Fraction_overtime",0,0.00162866449511401,-0.00162866449511401
302,"Avg_Overtime_amount",0,0.00084199556477384,-0.00084199556477384
303,"Avg_Waiting_room_delay",0.0472176719699599,0.0866400299340398,-0.0394223579640799
303,"Avg_Access_time_days",1.25133689839572,2.80213903743316,-1.55080213903743
303,"Fraction_overtime",0.0053475935828877,0.0035650623885918,0.0017825311942959
303,"Avg_Overtime_amount",0.000481273705437668,0.00144593653989925,-0.000964662834461583
304,"Avg_Waiting_room_delay",0.0287657683393729,0.0496175524088827,-0.0208517840695098
304,"Avg_Access_time_days",1.18825561312608,2.78756476683938,-1.5993091537133
304,"Fraction_overtime",0,0,0
304,"Avg_Overtime_amount",0,0,0
305,"Avg_Waiting_room_delay",0.0278966026464958,0.0815210040100598,-0.0536244013635641
305,"Avg_Access_time_days",1.1303602058319,2.30874785591767,-1.17838765008576
305,"Fraction_overtime",0.00343053173241852,0.00514579759862779,-0.00171526586620926
305,"Avg_Overtime_amount",0.000513402241682939,0.00203898581521642,-0.00152558357353348
306,"Avg_Waiting_room_delay",0.0460426998286663,0.0730006940044974,-0.0269579941758311
306,"Avg_Access_time_days",1.04991680532446,2.19633943427621,-1.14642262895175
306,"Fraction_overtime",0.00665557404326123,0.00831946755407654,-0.00166389351081531
306,"Avg_Overtime_amount",0.000560016007462322,0.00279363691930982,-0.0022336209118475
307,"Avg_Waiting_room_delay",0.0368199078602981,0.0620976459846303,-0.0252777381243322
307,"Avg_Access_time_days",1.06206896551724,2.29137931034483,-1.22931034482759
307,"Fraction_overtime",0,0,0
307,"Avg_Overtime_amount",0,0,0
308,"Avg_Waiting_room_delay",0.0590654160084285,0.0645612819264722,-0.00549586591804367
308,"Avg_Access_time_days",1.28516377649326,2.30828516377649,-1.02312138728324
308,"Fraction_overtime",0.00192678227360308,0.00192678227360308,0
308,"Avg_Overtime_amount",0.000463947451497878,0.000660436591104116,-0.000196489139606238
309,"Avg_Waiting_room_delay",0.0594831858133033,0.0772403241906532,-0.0177571383773499
309,"Avg_Access_time_days",1.03304347826087,1.64695652173913,-0.613913043478261
309,"Fraction_overtime",0.00173913043478261,0.00173913043478261,0
309,"Avg_Overtime_amount",0.000143015715875465,0.000244914508305669,-0.000101898792430204
310,"Avg_Waiting_room_delay",0.0418363217113587,0.0370510557178152,0.00478526599354352
310,"Avg_Access_time_days",1.06315789473684,2.38947368421053,-1.32631578947368
310,"Fraction_overtime",0,0,0
310,"Avg_Overtime_amount",0,0,0
311,"Avg_Waiting_room_delay",0.0475783738911789,0.0431638406709596,0.00441453322021928
311,"Avg_Access_time_days",1.12869565217391,2.24869565217391,-1.12
311,"Fraction_overtime",0.00347826086956522,0,0.00347826086956522
311,"Avg_Overtime_amount",0.00155720215298945,0,0.00155720215298945
312,"Avg_Waiting_room_delay",0.0473867167036115,0.0981422804572051,-0.0507555637535936
312,"Avg_Access_time_days",1.08828828828829,2.32792792792793,-1.23963963963964
312,"Fraction_overtime",0.0036036036036036,0.00720720720720721,-0.0036036036036036
312,"Avg_Overtime_amount",0.00129085672681338,0.00183375832501525,-0.000542901598201868
313,"Avg_Waiting_room_delay",0.0506008478521478,0.0775208772798339,-0.026920029427686
313,"Avg_Access_time_days",1.14260249554367,2.42780748663102,-1.28520499108734
313,"Fraction_overtime",0,0.0035650623885918,-0.0035650623885918
313,"Avg_Overtime_amount",0,0.00167334213980935,-0.00167334213980935
314,"Avg_Waiting_room_delay",0.0374714732546699,0.0559753656624425,-0.0185038924077727
314,"Avg_Access_time_days",1.21565217391304,2.82608695652174,-1.6104347826087
314,"Fraction_overtime",0,0,0
314,"Avg_Overtime_amount",0,0,0
315,"Avg_Waiting_room_delay",0.0481375054722266,0.0729378749413077,-0.0248003694690812
315,"Avg_Access_time_days",1.07256637168142,1.73805309734513,-0.665486725663717
315,"Fraction_overtime",0,0.00707964601769911,-0.00707964601769911
315,"Avg_Overtime_amount",0,0.00308080686505401,-0.00308080686505401
316,"Avg_Waiting_room_delay",0.0448604737087039,0.0585997394620045,-0.0137392657533006
316,"Avg_Access_time_days",1.14464285714286,1.69107142857143,-0.546428571428571
316,"Fraction_overtime",0.00357142857142857,0.00714285714285714,-0.00357142857142857
316,"Avg_Overtime_amount",0.000816400237165389,0.00238049723669755,-0.00156409699953216
317,"Avg_Waiting_room_delay",0.0453870521342601,0.0705740717056792,-0.0251870195714191
317,"Avg_Access_time_days",1.11390284757119,2.00502512562814,-0.891122278056951
317,"Fraction_overtime",0.0050251256281407,0.0050251256281407,0
317,"Avg_Overtime_amount",0.00167071106569418,0.00102267751881472,0.000648033546879466
318,"Avg_Waiting_room_delay",0.0359732954220037,0.0437229064514818,-0.00774961102947811
318,"Avg_Access_time_days",1.06071428571429,1.94464285714286,-0.883928571428571
318,"Fraction_overtime",0.00178571428571429,0,0.00178571428571429
318,"Avg_Overtime_amount",0.000189289245160453,0,0.000189289245160453
319,"Avg_Waiting_room_delay",0.0370138431900119,0.0464823652611144,-0.00946852207110251
319,"Avg_Access_time_days",1.09468438538206,2.38039867109635,-1.28571428571429
319,"Fraction_overtime",0.00332225913621262,0.00332225913621262,0
319,"Avg_Overtime_amount",0.000530121374304143,0.000364519643870261,0.000165601730433882
320,"Avg_Waiting_room_delay",0.0436391499397595,0.0528499049601733,-0.00921075502041377
320,"Avg_Access_time_days",1.17223198594025,2.13356766256591,-0.961335676625659
320,"Fraction_overtime",0,0.00351493848857645,-0.00351493848857645
320,"Avg_Overtime_amount",0,0.000811198581933316,-0.000811198581933316
321,"Avg_Waiting_room_delay",0.0557155528682764,0.044393362688779,0.0113221901794974
321,"Avg_Access_time_days",1.08635578583765,2.58894645941278,-1.50259067357513
321,"Fraction_overtime",0.00172711571675302,0.00345423143350604,-0.00172711571675302
321,"Avg_Overtime_amount",0.000262617272650746,0.00151344920929885,-0.0012508319366481
322,"Avg_Waiting_room_delay",0.0354021954036842,0.0399801954294948,-0.00457800002581064
322,"Avg_Access_time_days",1.0625,1.94285714285714,-0.880357142857143
322,"Fraction_overtime",0,0.00178571428571429,-0.00178571428571429
322,"Avg_Overtime_amount",0,0.000458400230805081,-0.000458400230805081
323,"Avg_Waiting_room_delay",0.0618697393016343,0.0509884209559207,0.0108813183457136
323,"Avg_Access_time_days",1.10536044362292,2.64879852125693,-1.54343807763401
323,"Fraction_overtime",0.00369685767097967,0.00369685767097967,0
323,"Avg_Overtime_amount",0.000825059389754728,0.00116794761534018,-0.000342888225585455
324,"Avg_Waiting_room_delay",0.025640319676761,0.0732802594080671,-0.0476399397313061
324,"Avg_Access_time_days",1.13590604026846,2.64429530201342,-1.50838926174497
324,"Fraction_overtime",0.00167785234899329,0.00335570469798658,-0.00167785234899329
324,"Avg_Overtime_amount",9.24556413397772e-05,0.000937789341959591,-0.000845333700619813
325,"Avg_Waiting_room_delay",0.0458344249135152,0.0667438973329928,-0.0209094724194775
325,"Avg_Access_time_days",1.12478031634446,2.73286467486819,-1.60808435852373
325,"Fraction_overtime",0.00175746924428822,0.0070298769771529,-0.00527240773286467
325,"Avg_Overtime_amount",0.00069886241757162,0.00178379154476923,-0.00108492912719761
326,"Avg_Waiting_room_delay",0.0435008964425393,0.0861067975489923,-0.042605901106453
326,"Avg_Access_time_days",1.22469982847341,3.23327615780446,-2.00857632933105
326,"Fraction_overtime",0.00514579759862779,0.00343053173241852,0.00171526586620926
326,"Avg_Overtime_amount",0.000488732392250854,0.00122271738982744,-0.000733984997576586
327,"Avg_Waiting_room_delay",0.0319813054732511,0.0459618894171441,-0.013980583943893
327,"Avg_Access_time_days",1.12978369384359,3.43261231281198,-2.30282861896839
327,"Fraction_overtime",0,0,0
327,"Avg_Overtime_amount",0,0,0
328,"Avg_Waiting_room_delay",0.0439589088457557,0.0445547725016907,-0.000595863655934975
328,"Avg_Access_time_days",1.09459459459459,2.87668918918919,-1.78209459459459
328,"Fraction_overtime",0,0.00168918918918919,-0.00168918918918919
328,"Avg_Overtime_amount",0,0.000338558236037627,-0.000338558236037627
329,"Avg_Waiting_room_delay",0.0369870228160706,0.0428750667172448,-0.0058880439011742
329,"Avg_Access_time_days",1.05410122164049,2.7783595113438,-1.72425828970332
329,"Fraction_overtime",0,0.00349040139616056,-0.00349040139616056
329,"Avg_Overtime_amount",0,0.000136605407821556,-0.000136605407821556
330,"Avg_Waiting_room_delay",0.0418335837881647,0.0795839743339555,-0.0377503905457907
330,"Avg_Access_time_days",1.10110294117647,2.3125,-1.21139705882353
330,"Fraction_overtime",0.00367647058823529,0.00183823529411765,0.00183823529411765
330,"Avg_Overtime_amount",0.00172979311694709,0.00054147950743054,0.00118831360951654
331,"Avg_Waiting_room_delay",0.0297963469797668,0.074377912622655,-0.0445815656428881
331,"Avg_Access_time_days",1.10571923743501,2.1629116117851,-1.05719237435009
331,"Fraction_overtime",0,0.00519930675909879,-0.00519930675909879
331,"Avg_Overtime_amount",0,0.00233534431883687,-0.00233534431883687
332,"Avg_Waiting_room_delay",0.0514252381681301,0.0518428144625893,-0.000417576294459272
332,"Avg_Access_time_days",1.04528985507246,2.55434782608696,-1.50905797101449
332,"Fraction_overtime",0.00181159420289855,0.00543478260869565,-0.0036231884057971
332,"Avg_Overtime_amount",0.000251680459064413,0.00215357321408532,-0.00190189275502091
333,"Avg_Waiting_room_delay",0.0469077152384235,0.0542616121560092,-0.00735389691758576
333,"Avg_Access_time_days",1.14209591474245,1.98579040852575,-0.843694493783304
333,"Fraction_overtime",0,0.00355239786856128,-0.00355239786856128
333,"Avg_Overtime_amount",0,0.00313372907542475,-0.00313372907542475
334,"Avg_Waiting_room_delay",0.0441893996391008,0.0417127816829344,0.00247661795616641
334,"Avg_Access_time_days",1.1830985915493,2.96830985915493,-1.78521126760563
334,"Fraction_overtime",0.00352112676056338,0,0.00352112676056338
334,"Avg_Overtime_amount",0.000259500373864915,0,0.000259500373864915
335,"Avg_Waiting_room_delay",0.0477161984431184,0.0587652902372261,-0.0110490917941077
335,"Avg_Access_time_days",1.27586206896552,3.32586206896552,-2.05
335,"Fraction_overtime",0.00172413793103448,0.00689655172413793,-0.00517241379310345
335,"Avg_Overtime_amount",0.000616702898477604,0.00246238829373802,-0.00184568539526042
336,"Avg_Waiting_room_delay",0.0297823968147951,0.0734992344003932,-0.0437168375855981
336,"Avg_Access_time_days",1.08828522920204,2.85908319185059,-1.77079796264856
336,"Fraction_overtime",0.0033955857385399,0.00509337860780985,-0.00169779286926995
336,"Avg_Overtime_amount",0.000717159515183135,0.0029757431710127,-0.00225858365582957
337,"Avg_Waiting_room_delay",0.0289457534488934,0.0509137243439075,-0.0219679708950141
337,"Avg_Access_time_days",1.07570422535211,2.73767605633803,-1.66197183098592
337,"Fraction_overtime",0.00528169014084507,0,0.00528169014084507
337,"Avg_Overtime_amount",0.000443010299281583,0,0.000443010299281583
338,"Avg_Waiting_room_delay",0.0355109038812682,0.0627484499712577,-0.0272375460899895
338,"Avg_Access_time_days",1.09982486865149,2.80385288966725,-1.70402802101576
338,"Fraction_overtime",0.00175131348511384,0.00175131348511384,0
338,"Avg_Overtime_amount",0.000659790279508589,0.000914555006411587,-0.000254764726902998
339,"Avg_Waiting_room_delay",0.0201419739316414,0.0449531152097414,-0.0248111412781
339,"Avg_Access_time_days",1.06484641638225,2.45733788395904,-1.39249146757679
339,"Fraction_overtime",0,0,0
339,"Avg_Overtime_amount",0,0,0
340,"Avg_Waiting_room_delay",0.0299331211397724,0.0408396401676835,-0.0109065190279111
340,"Avg_Access_time_days",1.14827018121911,2.3163097199341,-1.16803953871499
340,"Fraction_overtime",0.00329489291598023,0.00164744645799012,0.00164744645799012
340,"Avg_Overtime_amount",0.00172219789817362,5.05020038998564e-05,0.00167169589427376
341,"Avg_Waiting_room_delay",0.0374191159411572,0.0798457647169797,-0.0424266487758225
341,"Avg_Access_time_days",1.1358234295416,2.76230899830221,-1.62648556876061
341,"Fraction_overtime",0.00169779286926995,0.0033955857385399,-0.00169779286926995
341,"Avg_Overtime_amount",0.000420204195252947,0.000791169256649076,-0.000370965061396128
342,"Avg_Waiting_room_delay",0.0595183332843211,0.0890473930201355,-0.0295290597358144
342,"Avg_Access_time_days",1.12600969305331,2.39579967689822,-1.26978998384491
342,"Fraction_overtime",0.00323101777059774,0.00161550888529887,0.00161550888529887
342,"Avg_Overtime_amount",0.000393003068896181,0.00120038197910792,-0.000807378910211737
343,"Avg_Waiting_room_delay",0.0400109802152849,0.0837346968904358,-0.0437237166751509
343,"Avg_Access_time_days",1.13309982486865,1.6830122591944,-0.549912434325744
343,"Fraction_overtime",0.00525394045534151,0.00175131348511384,0.00350262697022767
343,"Avg_Overtime_amount",0.0014288645982702,3.60937118032802e-06,0.00142525522708988
344,"Avg_Waiting_room_delay",0.0381398803611927,0.0462435403417384,-0.00810365998054569
344,"Avg_Access_time_days",1.30769230769231,2.61538461538462,-1.30769230769231
344,"Fraction_overtime",0.00183150183150183,0,0.00183150183150183
344,"Avg_Overtime_amount",0.000548792098611451,0,0.000548792098611451
345,"Avg_Waiting_room_delay",0.0379028209659143,0.0600891930974326,-0.0221863721315183
345,"Avg_Access_time_days",1.13725490196078,2.58288770053476,-1.44563279857398
345,"Fraction_overtime",0.0017825311942959,0,0.0017825311942959
345,"Avg_Overtime_amount",0.000118607100961047,0,0.000118607100961047
346,"Avg_Waiting_room_delay",0.0447046571867854,0.0663858693885657,-0.0216812122017803
346,"Avg_Access_time_days",1.10774410774411,2.48989898989899,-1.38215488215488
346,"Fraction_overtime",0.00336700336700337,0.00168350168350168,0.00168350168350168
346,"Avg_Overtime_amount",0.000609615641354324,0.000985962733549742,-0.000376347092195418
347,"Avg_Waiting_room_delay",0.0341144034225105,0.0571827111731595,-0.023068307750649
347,"Avg_Access_time_days",1.07775768535262,2.64376130198915,-1.56600361663653
347,"Fraction_overtime",0.00180831826401447,0.0054249547920434,-0.00361663652802893
347,"Avg_Overtime_amount",6.20394195315791e-05,0.00221361098103447,-0.00215157156150289
348,"Avg_Waiting_room_delay",0.0483605411797972,0.0547519662924825,-0.00639142511268529
348,"Avg_Access_time_days",1.15929203539823,2.70265486725664,-1.54336283185841
348,"Fraction_overtime",0.00353982300884956,0,0.00353982300884956
348,"Avg_Overtime_amount",0.000252792437672935,0,0.000252792437672935
349,"Avg_Waiting_room_delay",0.0410603657254409,0.063433846333486,-0.0223734806080451
349,"Avg_Access_time_days",1.19424460431655,2.76079136690647,-1.56654676258993
349,"Fraction_overtime",0.00179856115107914,0,0.00179856115107914
349,"Avg_Overtime_amount",0.000131584845317867,0,0.000131584845317867
350,"Avg_Waiting_room_delay",0.0392193607464227,0.0654487792631178,-0.026229418516695
350,"Avg_Access_time_days",1.11512027491409,2.17525773195876,-1.06013745704467
350,"Fraction_overtime",0.00343642611683849,0.00343642611683849,0
350,"Avg_Overtime_amount",0.000292043208942314,0.000722422160422411,-0.000430378951480097
351,"Avg_Waiting_room_delay",0.0558365817168274,0.073667450013761,-0.0178308682969336
351,"Avg_Access_time_days",1.19047619047619,2.80769230769231,-1.61721611721612
351,"Fraction_overtime",0.00183150183150183,0.00732600732600733,-0.00549450549450549
351,"Avg_Overtime_amount",0.00019666175017995,0.00162666823082437,-0.00143000648064442
352,"Avg_Waiting_room_delay",0.0414951773398121,0.0573703167903893,-0.0158751394505772
352,"Avg_Access_time_days",1.22718808193669,2.4413407821229,-1.21415270018622
352,"Fraction_overtime",0,0.00558659217877095,-0.00558659217877095
352,"Avg_Overtime_amount",0,0.00337913641444827,-0.00337913641444827
353,"Avg_Waiting_room_delay",0.0389287346317326,0.0834653095602349,-0.0445365749285023
353,"Avg_Access_time_days",1.20338983050847,2.8060263653484,-1.60263653483992
353,"Fraction_overtime",0.00188323917137476,0.00376647834274953,-0.00188323917137476
353,"Avg_Overtime_amount",2.61070465191387e-05,0.000704279904446978,-0.00067817285792784
354,"Avg_Waiting_room_delay",0.0599573301622148,0.0818036355115239,-0.021846305349309
354,"Avg_Access_time_days",1.08679927667269,2.80108499095841,-1.71428571428571
354,"Fraction_overtime",0.00180831826401447,0.0108499095840868,-0.00904159132007233
354,"Avg_Overtime_amount",0.000339546640183235,0.00341020829306295,-0.00307066165287971
355,"Avg_Waiting_room_delay",0.0357914634145828,0.066729915946673,-0.0309384525320902
355,"Avg_Access_time_days",1.11932773109244,3.35126050420168,-2.23193277310924
355,"Fraction_overtime",0.00168067226890756,0.00336134453781513,-0.00168067226890756
355,"Avg_Overtime_amount",0.000145449975559837,0.00155816245108401,-0.00141271247552417
356,"Avg_Waiting_room_delay",0.045460651182304,0.0785460320953819,-0.0330853809130779
356,"Avg_Access_time_days",1.19294990723562,2.67161410018553,-1.47866419294991
356,"Fraction_overtime",0.00185528756957328,0.00742115027829314,-0.00556586270871985
356,"Avg_Overtime_amount",6.27259951441638e-06,0.00258951590224552,-0.00258324330273111
357,"Avg_Waiting_room_delay",0.0557515930217232,0.082553192792515,-0.0268015997707919
357,"Avg_Access_time_days",1.06422018348624,2.0256880733945,-0.961467889908257
357,"Fraction_overtime",0.0018348623853211,0.0055045871559633,-0.0036697247706422
357,"Avg_Overtime_amount",5.7566369120436e-05,0.00121771678419876,-0.00116015041507832
358,"Avg_Waiting_room_delay",0.0422116695487077,0.0568021418959645,-0.0145904723472568
358,"Avg_Access_time_days",1.02363636363636,2.53818181818182,-1.51454545454545
358,"Fraction_overtime",0.00363636363636364,0.00181818181818182,0.00181818181818182
358,"Avg_Overtime_amount",0.000580116082733875,0.000158453210645384,0.000421662872088491
359,"Avg_Waiting_room_delay",0.034168757801648,0.0720199540389777,-0.0378511962373296
359,"Avg_Access_time_days",1.15189873417722,2.89511754068716,-1.74321880650995
359,"Fraction_overtime",0.00361663652802893,0.0054249547920434,-0.00180831826401447
359,"Avg_Overtime_amount",0.000821552771371639,0.00270600454822127,-0.00188445177684963
360,"Avg_Waiting_room_delay",0.0512368013476298,0.0939627494282213,-0.0427259480805915
360,"Avg_Access_time_days",1.32918149466192,3.2508896797153,-1.92170818505338
360,"Fraction_overtime",0.00177935943060498,0.0124555160142349,-0.0106761565836299
360,"Avg_Overtime_amount",0.000503033849170714,0.00752634127520827,-0.00702330742603756
361,"Avg_Waiting_room_delay",0.0385747229805376,0.0846020301651057,-0.0460273071845681
361,"Avg_Access_time_days",1.24912280701754,2.43859649122807,-1.18947368421053
361,"Fraction_overtime",0.00526315789473684,0.00701754385964912,-0.00175438596491228
361,"Avg_Overtime_amount",0.000350028514113563,0.00331764406060676,-0.0029676155464932
362,"Avg_Waiting_room_delay",0.0392307970705017,0.0530944351039074,-0.0138636380334057
362,"Avg_Access_time_days",1.06529209621993,2.79896907216495,-1.73367697594502
362,"Fraction_overtime",0.00343642611683849,0.00343642611683849,0
362,"Avg_Overtime_amount",0.00124814918427979,0.000387662507257473,0.000860486677022314
363,"Avg_Waiting_room_delay",0.0260608101295285,0.0605482296885439,-0.0344874195590154
363,"Avg_Access_time_days",1.11032028469751,2.40213523131673,-1.29181494661922
363,"Fraction_overtime",0,0.00177935943060498,-0.00177935943060498
363,"Avg_Overtime_amount",0,0.000134393464322659,-0.000134393464322659
364,"Avg_Waiting_room_delay",0.0349919678738783,0.0758893073801164,-0.0408973395062381
364,"Avg_Access_time_days",1.09947643979058,2.29319371727749,-1.19371727748691
364,"Fraction_overtime",0.00349040139616056,0.00349040139616056,0
364,"Avg_Overtime_amount",0.000383223665701357,0.00186067833274512,-0.00147745466704376
365,"Avg_Waiting_room_delay",0.0511501261002795,0.0596787678778733,-0.00852864177759378
365,"Avg_Access_time_days",1.09230769230769,2.17435897435897,-1.08205128205128
365,"Fraction_overtime",0,0.00170940170940171,-0.00170940170940171
365,"Avg_Overtime_amount",0,0.000144785323158652,-0.000144785323158652
366,"Avg_Waiting_room_delay",0.0349242466151263,0.06141765716602,-0.0264934105508937
366,"Avg_Access_time_days",1.12678571428571,2.21785714285714,-1.09107142857143
366,"Fraction_overtime",0.00178571428571429,0.00357142857142857,-0.00178571428571429
366,"Avg_Overtime_amount",0.000871079254884607,0.000331183179433531,0.000539896075451076
367,"Avg_Waiting_room_delay",0.0522255964912348,0.0828895222496469,-0.0306639257584122
367,"Avg_Access_time_days",1.15370705244123,2.45931283905967,-1.30560578661844
367,"Fraction_overtime",0,0.0054249547920434,-0.0054249547920434
367,"Avg_Overtime_amount",0,0.00171260287571228,-0.00171260287571228
368,"Avg_Waiting_room_delay",0.039687407514418,0.0653480486274601,-0.0256606411130421
368,"Avg_Access_time_days",1.2504347826087,2.64521739130435,-1.39478260869565
368,"Fraction_overtime",0.00347826086956522,0.00173913043478261,0.00173913043478261
368,"Avg_Overtime_amount",5.55138945274235e-05,0.00182471458169461,-0.00176920068716719
369,"Avg_Waiting_room_delay",0.0514752057693893,0.0597014011324997,-0.00822619536311043
369,"Avg_Access_time_days",1.08521739130435,2.58086956521739,-1.49565217391304
369,"Fraction_overtime",0.00347826086956522,0.00173913043478261,0.00173913043478261
369,"Avg_Overtime_amount",0.000347998193707944,7.16995560258637e-05,0.00027629863768208
370,"Avg_Waiting_room_delay",0.0517633241233095,0.07194035092434,-0.0201770268010306
370,"Avg_Access_time_days",1.10994764397906,1.98429319371728,-0.87434554973822
370,"Fraction_overtime",0.00349040139616056,0.0087260034904014,-0.00523560209424084
370,"Avg_Overtime_amount",0.000686250428585812,0.00342779438361278,-0.00274154395502697
371,"Avg_Waiting_room_delay",0.0434736264584623,0.0486796646596275,-0.00520603820116514
371,"Avg_Access_time_days",1.13846153846154,1.84615384615385,-0.707692307692308
371,"Fraction_overtime",0.00192307692307692,0.00576923076923077,-0.00384615384615385
371,"Avg_Overtime_amount",0.000351105389709869,0.00116841213148426,-0.000817306741774394
372,"Avg_Waiting_room_delay",0.037874873887873,0.0575436559158793,-0.0196687820280063
372,"Avg_Access_time_days",1.14455782312925,2.56292517006803,-1.41836734693878
372,"Fraction_overtime",0.00170068027210884,0,0.00170068027210884
372,"Avg_Overtime_amount",7.69003618630047e-05,0,7.69003618630047e-05
373,"Avg_Waiting_room_delay",0.0393114920446815,0.0793846165009276,-0.0400731244562461
373,"Avg_Access_time_days",1.08823529411765,2.68166089965398,-1.59342560553633
373,"Fraction_overtime",0,0.00519031141868512,-0.00519031141868512
373,"Avg_Overtime_amount",0,0.000688630363861665,-0.000688630363861665
374,"Avg_Waiting_room_delay",0.0297613044797553,0.0557414045625218,-0.0259801000827665
374,"Avg_Access_time_days",1.13333333333333,2.47747747747748,-1.34414414414414
374,"Fraction_overtime",0.0018018018018018,0.00540540540540541,-0.0036036036036036
374,"Avg_Overtime_amount",0.000526022002472065,0.00167740229442361,-0.00115138029195154
375,"Avg_Waiting_room_delay",0.0431524796630553,0.0590510318507241,-0.0158985521876689
375,"Avg_Access_time_days",1.14089347079038,2.63058419243986,-1.48969072164948
375,"Fraction_overtime",0.00687285223367698,0,0.00687285223367698
375,"Avg_Overtime_amount",0.00143037821599344,0,0.00143037821599344
376,"Avg_Waiting_room_delay",0.0495918939831219,0.0703218432614757,-0.0207299492783538
376,"Avg_Access_time_days",1.09302325581395,2.04472271914132,-0.951699463327371
376,"Fraction_overtime",0.0035778175313059,0,0.0035778175313059
376,"Avg_Overtime_amount",0.000531343155480892,0,0.000531343155480892
377,"Avg_Waiting_room_delay",0.0497211585125334,0.0773282174973209,-0.0276070589847875
377,"Avg_Access_time_days",1.18794326241135,2.47695035460993,-1.28900709219858
377,"Fraction_overtime",0.00354609929078014,0.00531914893617021,-0.00177304964539007
377,"Avg_Overtime_amount",0.000557450977610602,0.000658419904079992,-0.000100968926469391
378,"Avg_Waiting_room_delay",0.0395152636679625,0.0405923615427513,-0.0010770978747888
378,"Avg_Access_time_days",1.12299465240642,2.05525846702317,-0.932263814616756
378,"Fraction_overtime",0.0017825311942959,0.0017825311942959,0
378,"Avg_Overtime_amount",0.000148523993784283,0.000988148299471382,-0.000839624305687099
379,"Avg_Waiting_room_delay",0.0310660680307232,0.0635944306932088,-0.0325283626624856
379,"Avg_Access_time_days",1.18592964824121,3.24455611390285,-2.05862646566164
379,"Fraction_overtime",0.0016750418760469,0.0033500837520938,-0.0016750418760469
379,"Avg_Overtime_amount",6.58501501401924e-05,0.000341845791866753,-0.00027599564172656
380,"Avg_Waiting_room_delay",0.0462564831497623,0.0757944724522496,-0.0295379893024873
380,"Avg_Access_time_days",1.2212389380531,2.89026548672566,-1.66902654867257
380,"Fraction_overtime",0.00353982300884956,0.00176991150442478,0.00176991150442478
380,"Avg_Overtime_amount",0.000512312427887344,0.00110279852423517,-0.000590486096347827
381,"Avg_Waiting_room_delay",0.0272739741883305,0.0511267339127416,-0.0238527597244111
381,"Avg_Access_time_days",1.11310592459605,2.5278276481149,-1.41472172351885
381,"Fraction_overtime",0.00359066427289048,0.00179533213644524,0.00179533213644524
381,"Avg_Overtime_amount",0.000764456018142076,0.000116019472494416,0.00064843654564766
382,"Avg_Waiting_room_delay",0.0395856956594057,0.0737623760738922,-0.0341766804144865
382,"Avg_Access_time_days",1.04293381037567,2.05008944543828,-1.00715563506261
382,"Fraction_overtime",0.0035778175313059,0.00178890876565295,0.00178890876565295
382,"Avg_Overtime_amount",0.000905629006325746,0.00120277125674712,-0.000297142250421377
383,"Avg_Waiting_room_delay",0.0464015434750355,0.0591131969998465,-0.012711653524811
383,"Avg_Access_time_days",1.11573236889693,1.80650994575045,-0.690777576853526
383,"Fraction_overtime",0,0.0054249547920434,-0.0054249547920434
383,"Avg_Overtime_amount",0,0.000836029155018926,-0.000836029155018926
384,"Avg_Waiting_room_delay",0.0345842196564982,0.0648250003220354,-0.0302407806655372
384,"Avg_Access_time_days",1.10555555555556,3.02592592592593,-1.92037037037037
384,"Fraction_overtime",0,0.00185185185185185,-0.00185185185185185
384,"Avg_Overtime_amount",0,3.38601566961651e-05,-3.38601566961651e-05
385,"Avg_Waiting_room_delay",0.0477367809010047,0.10881202762279,-0.0610752467217854
385,"Avg_Access_time_days",1.10843373493976,2.11359724612737,-1.00516351118761
385,"Fraction_overtime",0.00688468158347676,0.00516351118760757,0.00172117039586919
385,"Avg_Overtime_amount",0.00113977142542599,0.0012951644520258,-0.000155393026599807
386,"Avg_Waiting_room_delay",0.0417978919750977,0.0583975260415381,-0.0165996340664404
386,"Avg_Access_time_days",1.05935251798561,2.6205035971223,-1.56115107913669
386,"Fraction_overtime",0,0.00719424460431655,-0.00719424460431655
386,"Avg_Overtime_amount",0,0.00166646116756303,-0.00166646116756303
387,"Avg_Waiting_room_delay",0.0455385617751354,0.0627353597987422,-0.0171967980236068
387,"Avg_Access_time_days",1.05964912280702,2.24736842105263,-1.18771929824561
387,"Fraction_overtime",0.00350877192982456,0.00701754385964912,-0.00350877192982456
387,"Avg_Overtime_amount",0.0012719646687747,0.00298530760330593,-0.00171334293453123
388,"Avg_Waiting_room_delay",0.0360592690588618,0.0629270980296293,-0.0268678289707675
388,"Avg_Access_time_days",1.13725490196078,2.44385026737968,-1.30659536541889
388,"Fraction_overtime",0,0.0053475935828877,-0.0053475935828877
388,"Avg_Overtime_amount",0,0.000565384339698836,-0.000565384339698836
389,"Avg_Waiting_room_delay",0.0472504723212977,0.0353880418111499,0.0118624305101478
389,"Avg_Access_time_days",1.06429780033841,2.12521150592217,-1.06091370558376
389,"Fraction_overtime",0.00169204737732657,0,0.00169204737732657
389,"Avg_Overtime_amount",0.000207167800631879,0,0.000207167800631879
390,"Avg_Waiting_room_delay",0.0391887108232392,0.0390953141154693,9.33967077698661e-05
390,"Avg_Access_time_days",1.1472602739726,2.21746575342466,-1.07020547945205
390,"Fraction_overtime",0.00171232876712329,0.00342465753424658,-0.00171232876712329
390,"Avg_Overtime_amount",0.000384533327254269,0.00146615851284157,-0.0010816251855873
391,"Avg_Waiting_room_delay",0.0352033692753187,0.0644722369045175,-0.0292688676291988
391,"Avg_Access_time_days",1.12521739130435,2.60695652173913,-1.48173913043478
391,"Fraction_overtime",0,0.00695652173913044,-0.00695652173913044
391,"Avg_Overtime_amount",0,0.00110162229701975,-0.00110162229701975
392,"Avg_Waiting_room_delay",0.044457374759449,0.0548825551706741,-0.0104251804112251
392,"Avg_Access_time_days",1.17913043478261,2.51478260869565,-1.33565217391304
392,"Fraction_overtime",0,0.00347826086956522,-0.00347826086956522
392,"Avg_Overtime_amount",0,0.00136124760274822,-0.00136124760274822
393,"Avg_Waiting_room_delay",0.0339596711114856,0.0565636814831556,-0.02260401037167
393,"Avg_Access_time_days",1.15495495495495,2.45405405405405,-1.2990990990991
393,"Fraction_overtime",0.0018018018018018,0.00720720720720721,-0.00540540540540541
393,"Avg_Overtime_amount",2.92900798221815e-06,0.000607210658896886,-0.000604281650914668
394,"Avg_Waiting_room_delay",0.0484498924592731,0.0769674421912271,-0.0285175497319541
394,"Avg_Access_time_days",1.11320754716981,2.04528301886792,-0.932075471698113
394,"Fraction_overtime",0.00566037735849057,0.00188679245283019,0.00377358490566038
394,"Avg_Overtime_amount",0.000452524084457879,9.55036935114901e-05,0.000357020390946389
395,"Avg_Waiting_room_delay",0.0424946422243089,0.0765596540498197,-0.0340650118255108
395,"Avg_Access_time_days",1.24731182795699,3.16308243727599,-1.915770609319
395,"Fraction_overtime",0.00537634408602151,0.003584229390681,0.0017921146953405
395,"Avg_Overtime_amount",0.000652081681805272,0.00145846983544903,-0.000806388153643757
396,"Avg_Waiting_room_delay",0.039393545020981,0.0542049498046424,-0.0148114047836614
396,"Avg_Access_time_days",1.09963768115942,2.54347826086957,-1.44384057971015
396,"Fraction_overtime",0.00181159420289855,0.00181159420289855,0
396,"Avg_Overtime_amount",5.86918881079958e-05,4.97882528896029e-05,8.9036352183929e-06
397,"Avg_Waiting_room_delay",0.0497992847743617,0.0616802927305974,-0.0118810079562357
397,"Avg_Access_time_days",1.11245674740484,2.2681660899654,-1.15570934256055
397,"Fraction_overtime",0,0.00519031141868512,-0.00519031141868512
397,"Avg_Overtime_amount",0,0.00240327322545355,-0.00240327322545355
398,"Avg_Waiting_room_delay",0.0484547048006413,0.0370436632154741,0.0114110415851672
398,"Avg_Access_time_days",1.09058614564831,2.3765541740675,-1.28596802841918
398,"Fraction_overtime",0,0.00177619893428064,-0.00177619893428064
398,"Avg_Overtime_amount",0,0.000586718331718152,-0.000586718331718152
399,"Avg_Waiting_room_delay",0.0416462564757544,0.0665542812206816,-0.0249080247449272
399,"Avg_Access_time_days",1.17415730337079,2.59550561797753,-1.42134831460674
399,"Fraction_overtime",0.00187265917602996,0.00374531835205993,-0.00187265917602996
399,"Avg_Overtime_amount",0.000292721801939346,0.00114254682441895,-0.000849825022479608
400,"Avg_Waiting_room_delay",0.034825222538302,0.0697709317483359,-0.0349457092100339
400,"Avg_Access_time_days",1.0807560137457,2.02749140893471,-0.946735395189003
400,"Fraction_overtime",0.00343642611683849,0.00171821305841924,0.00171821305841924
400,"Avg_Overtime_amount",0.000524972337495319,0.000482824209108862,4.21481283864578e-05
401,"Avg_Waiting_room_delay",0.0467194552348759,0.0420273117829401,0.00469214345193581
401,"Avg_Access_time_days",1.30782608695652,3.18260869565217,-1.87478260869565
401,"Fraction_overtime",0,0.00521739130434783,-0.00521739130434783
401,"Avg_Overtime_amount",0,0.00137261147431122,-0.00137261147431122
402,"Avg_Waiting_room_delay",0.03801705007144,0.0464306088655477,-0.00841355879410774
402,"Avg_Access_time_days",1.23143350604491,2.52158894645941,-1.29015544041451
402,"Fraction_overtime",0,0,0
402,"Avg_Overtime_amount",0,0,0
403,"Avg_Waiting_room_delay",0.0567499187832871,0.0677147578133251,-0.010964839030038
403,"Avg_Access_time_days",1.07880910683012,3.27320490367776,-2.19439579684764
403,"Fraction_overtime",0,0.00525394045534151,-0.00525394045534151
403,"Avg_Overtime_amount",0,0.00314242174021515,-0.00314242174021515
404,"Avg_Waiting_room_delay",0.0509381480448768,0.0509586469537453,-2.04989088684326e-05
404,"Avg_Access_time_days",1.22302158273381,2.94424460431655,-1.72122302158273
404,"Fraction_overtime",0.00179856115107914,0.00179856115107914,0
404,"Avg_Overtime_amount",3.92634664886139e-05,0.00014220931345489,-0.000102945846966276
405,"Avg_Waiting_room_delay",0.0359219152798641,0.0578496312910194,-0.0219277160111553
405,"Avg_Access_time_days",1.11970534069982,2.15285451197053,-1.03314917127072
405,"Fraction_overtime",0,0.00184162062615101,-0.00184162062615101
405,"Avg_Overtime_amount",0,0.000787264313424183,-0.000787264313424183
406,"Avg_Waiting_room_delay",0.0420947191715947,0.0559701566478461,-0.0138754374762515
406,"Avg_Access_time_days",1.22711267605634,2.92957746478873,-1.70246478873239
406,"Fraction_overtime",0,0,0
406,"Avg_Overtime_amount",0,0,0
407,"Avg_Waiting_room_delay",0.0310880513900877,0.0514624581145799,-0.0203744067244922
407,"Avg_Access_time_days",1.21061643835616,2.82020547945205,-1.60958904109589
407,"Fraction_overtime",0.00171232876712329,0.00171232876712329,0
407,"Avg_Overtime_amount",8.28285626922472e-06,0.000160359956556095,-0.00015207710028687
408,"Avg_Waiting_room_delay",0.0416967344963779,0.0520868206755115,-0.0103900861791335
408,"Avg_Access_time_days",1.09481216457961,2.71198568872987,-1.61717352415027
408,"Fraction_overtime",0,0.0035778175313059,-0.0035778175313059
408,"Avg_Overtime_amount",0,0.00065839098339568,-0.00065839098339568
409,"Avg_Waiting_room_delay",0.0455905664774305,0.0598087897758279,-0.0142182232983974
409,"Avg_Access_time_days",1.11013986013986,2.23426573426573,-1.12412587412587
409,"Fraction_overtime",0.00699300699300699,0,0.00699300699300699
409,"Avg_Overtime_amount",0.00127657842750538,0,0.00127657842750538
410,"Avg_Waiting_room_delay",0.0368642981326426,0.052374611913994,-0.0155103137813515
410,"Avg_Access_time_days",1.19611021069692,2.67260940032415,-1.47649918962723
410,"Fraction_overtime",0.00162074554294976,0.00324149108589951,-0.00162074554294976
410,"Avg_Overtime_amount",0.000430281609691171,0.00156409840097027,-0.0011338167912791
411,"Avg_Waiting_room_delay",0.0483992113364364,0.058792842634564,-0.0103936312981276
411,"Avg_Access_time_days",1.0886524822695,2.72163120567376,-1.63297872340426
411,"Fraction_overtime",0.00531914893617021,0.00177304964539007,0.00354609929078014
411,"Avg_Overtime_amount",0.000219957894792949,0.000602583153447563,-0.000382625258654614
412,"Avg_Waiting_room_delay",0.0315943491647327,0.0686903202333825,-0.0370959710686498
412,"Avg_Access_time_days",1.05555555555556,2.70430107526882,-1.64874551971326
412,"Fraction_overtime",0.00537634408602151,0.0017921146953405,0.003584229390681
412,"Avg_Overtime_amount",0.000376961751779073,0.00126369370988871,-0.00088673195810964
413,"Avg_Waiting_room_delay",0.0494961706790114,0.0407505854647228,0.0087455852142886
413,"Avg_Access_time_days",1.07586206896552,2.16551724137931,-1.08965517241379
413,"Fraction_overtime",0,0.00172413793103448,-0.00172413793103448
413,"Avg_Overtime_amount",0,3.99826128966431e-06,-3.99826128966431e-06
414,"Avg_Waiting_room_delay",0.0439975656849535,0.0725965862033819,-0.0285990205184284
414,"Avg_Access_time_days",1.14767255216693,3.24077046548957,-2.09309791332263
414,"Fraction_overtime",0.00321027287319422,0.00481540930979133,-0.00160513643659711
414,"Avg_Overtime_amount",6.49905956557531e-05,0.00250392842707895,-0.00243893783142319
415,"Avg_Waiting_room_delay",0.0520065496407484,0.0729360388546389,-0.0209294892138905
415,"Avg_Access_time_days",1.10408921933085,2.73791821561338,-1.63382899628253
415,"Fraction_overtime",0.00371747211895911,0.00557620817843866,-0.00185873605947955
415,"Avg_Overtime_amount",0.000597094870877028,0.00107468755085724,-0.000477592679980211
416,"Avg_Waiting_room_delay",0.055149432525532,0.0749986839167193,-0.0198492513911873
416,"Avg_Access_time_days",1.12660550458716,2.36697247706422,-1.24036697247706
416,"Fraction_overtime",0.0018348623853211,0.0018348623853211,0
416,"Avg_Overtime_amount",3.13029338616023e-06,0.000634981332987624,-0.000631851039601463
417,"Avg_Waiting_room_delay",0.0398226561309533,0.0604765047193364,-0.0206538485883831
417,"Avg_Access_time_days",1.03398926654741,2.23613595706619,-1.20214669051878
417,"Fraction_overtime",0,0.00178890876565295,-0.00178890876565295
417,"Avg_Overtime_amount",0,0.000614904370479927,-0.000614904370479927
418,"Avg_Waiting_room_delay",0.0416915377312226,0.0507914498886875,-0.0090999121574649
418,"Avg_Access_time_days",1.06088560885609,2.16051660516605,-1.09963099630996
418,"Fraction_overtime",0.0018450184501845,0,0.0018450184501845
418,"Avg_Overtime_amount",8.32060192170788e-05,0,8.32060192170788e-05
419,"Avg_Waiting_room_delay",0.0563643398181335,0.0406866416844463,0.0156776981336872
419,"Avg_Access_time_days",1.11111111111111,2.04301075268817,-0.931899641577061
419,"Fraction_overtime",0.003584229390681,0.0017921146953405,0.0017921146953405
419,"Avg_Overtime_amount",0.000358359873088433,0.000160684924566654,0.00019767494852178
420,"Avg_Waiting_room_delay",0.049434653823085,0.0836445112367774,-0.0342098574136924
420,"Avg_Access_time_days",1.07904411764706,2.29595588235294,-1.21691176470588
420,"Fraction_overtime",0.00919117647058824,0.00551470588235294,0.00367647058823529
420,"Avg_Overtime_amount",0.00161875909809548,0.000759994140461599,0.000858764957633876
421,"Avg_Waiting_room_delay",0.0500239396435382,0.0529433351009857,-0.00291939545744742
421,"Avg_Access_time_days",1.1097972972973,2.20945945945946,-1.09966216216216
421,"Fraction_overtime",0.00506756756756757,0.00337837837837838,0.00168918918918919
421,"Avg_Overtime_amount",0.00150836807127501,0.000826264217643781,0.000682103853631226
422,"Avg_Waiting_room_delay",0.0378073429575227,0.0538871859619536,-0.0160798430044308
422,"Avg_Access_time_days",1.15331010452962,3.72822299651568,-2.57491289198606
422,"Fraction_overtime",0,0.00348432055749129,-0.00348432055749129
422,"Avg_Overtime_amount",0,0.000608394922576442,-0.000608394922576442
423,"Avg_Waiting_room_delay",0.0522225579447043,0.0803626768855516,-0.0281401189408473
423,"Avg_Access_time_days",1.10989010989011,2.28388278388278,-1.17399267399267
423,"Fraction_overtime",0.00183150183150183,0.00366300366300366,-0.00183150183150183
423,"Avg_Overtime_amount",0.000134646456455686,0.00173579477956272,-0.00160114832310704
424,"Avg_Waiting_room_delay",0.0486691544933551,0.0578081019206701,-0.00913894742731495
424,"Avg_Access_time_days",1.12095400340716,2.53833049403748,-1.41737649063032
424,"Fraction_overtime",0.00511073253833049,0.00511073253833049,0
424,"Avg_Overtime_amount",0.00154224753591694,0.00206862859412235,-0.000526381058205416
425,"Avg_Waiting_room_delay",0.0379166977734433,0.0637779284804263,-0.0258612307069831
425,"Avg_Access_time_days",1.13461538461538,2.25,-1.11538461538462
425,"Fraction_overtime",0.00174825174825175,0.00699300699300699,-0.00524475524475524
425,"Avg_Overtime_amount",0.000272488108509262,0.00245017762701591,-0.00217768951850664
426,"Avg_Waiting_room_delay",0.0436837250615864,0.0734419506000266,-0.0297582255384402
426,"Avg_Access_time_days",1.08377896613191,2.0017825311943,-0.918003565062389
426,"Fraction_overtime",0,0.0124777183600713,-0.0124777183600713
426,"Avg_Overtime_amount",0,0.00644060918815479,-0.00644060918815479
427,"Avg_Waiting_room_delay",0.0494117041501271,0.0530825736209777,-0.00367086947085059
427,"Avg_Access_time_days",1.12637362637363,2.14468864468864,-1.01831501831502
427,"Fraction_overtime",0.00549450549450549,0.00549450549450549,0
427,"Avg_Overtime_amount",0.00120173588257931,0.00227154228854042,-0.00106980640596111
428,"Avg_Waiting_room_delay",0.0435381605904728,0.0456680758451255,-0.00212991525465268
428,"Avg_Access_time_days",1.08581436077058,2.59894921190893,-1.51313485113835
428,"Fraction_overtime",0.00175131348511384,0.00175131348511384,0
428,"Avg_Overtime_amount",2.7922825182925e-05,0.000951407238283967,-0.000923484413101042
429,"Avg_Waiting_room_delay",0.0418488274266907,0.0523183652900849,-0.0104695378633943
429,"Avg_Access_time_days",1.18484288354898,2.86506469500924,-1.68022181146026
429,"Fraction_overtime",0,0.00184842883548983,-0.00184842883548983
429,"Avg_Overtime_amount",0,7.99577190064229e-05,-7.99577190064229e-05
430,"Avg_Waiting_room_delay",0.0316520385400652,0.0636482373804227,-0.0319961988403575
430,"Avg_Access_time_days",1.08404802744425,1.89365351629503,-0.809605488850772
430,"Fraction_overtime",0.00171526586620926,0.00343053173241852,-0.00171526586620926
430,"Avg_Overtime_amount",0.000128789633598348,0.00116556058254066,-0.00103677094894232
431,"Avg_Waiting_room_delay",0.0303585578596989,0.0390297882967094,-0.00867123043701045
431,"Avg_Access_time_days",1.0815660685155,1.78466557911909,-0.703099510603589
431,"Fraction_overtime",0.00163132137030995,0.0032626427406199,-0.00163132137030995
431,"Avg_Overtime_amount",0.000446553337028142,0.0013367156178342,-0.000890162280806055
432,"Avg_Waiting_room_delay",0.0371774883050859,0.0319114289616785,0.0052660593434074
432,"Avg_Access_time_days",1.07556270096463,2.37138263665595,-1.29581993569132
432,"Fraction_overtime",0,0.00482315112540193,-0.00482315112540193
432,"Avg_Overtime_amount",0,0.00123198256920423,-0.00123198256920423
433,"Avg_Waiting_room_delay",0.0345465933214434,0.0592457431879099,-0.0246991498664665
433,"Avg_Access_time_days",1.16243654822335,2.40270727580372,-1.24027072758037
433,"Fraction_overtime",0.00169204737732657,0.00338409475465313,-0.00169204737732657
433,"Avg_Overtime_amount",9.17733992985722e-05,0.00149167613294659,-0.00139990273364802
434,"Avg_Waiting_room_delay",0.0421604229742142,0.0626725631983093,-0.0205121402240951
434,"Avg_Access_time_days",1.12454873646209,2.84476534296029,-1.72021660649819
434,"Fraction_overtime",0,0.00180505415162455,-0.00180505415162455
434,"Avg_Overtime_amount",0,0.000883071901977788,-0.000883071901977788
435,"Avg_Waiting_room_delay",0.0454365763134791,0.0592119799740059,-0.0137754036605268
435,"Avg_Access_time_days",1.0631970260223,2.19144981412639,-1.12825278810409
435,"Fraction_overtime",0.00185873605947955,0.00185873605947955,0
435,"Avg_Overtime_amount",0.000258174038825325,0.000510333303405417,-0.000252159264580092
436,"Avg_Waiting_room_delay",0.0436044738787336,0.0594755694904978,-0.0158710956117643
436,"Avg_Access_time_days",1.16726618705036,2.48381294964029,-1.31654676258993
436,"Fraction_overtime",0.00179856115107914,0.00179856115107914,0
436,"Avg_Overtime_amount",0.000118550922503028,0.000961203820230188,-0.00084265289772716
437,"Avg_Waiting_room_delay",0.0442120791974794,0.0644554583352624,-0.020243379137783
437,"Avg_Access_time_days",1.17513134851138,2.77933450087566,-1.60420315236427
437,"Fraction_overtime",0,0,0
437,"Avg_Overtime_amount",0,0,0
438,"Avg_Waiting_room_delay",0.0447563158626794,0.0728156916624221,-0.0280593757997426
438,"Avg_Access_time_days",1.04288499025341,2.10721247563353,-1.06432748538012
438,"Fraction_overtime",0.00389863547758285,0.00584795321637427,-0.00194931773879142
438,"Avg_Overtime_amount",0.0014435548678108,0.000464850038534883,0.000978704829275915
439,"Avg_Waiting_room_delay",0.0292252290006379,0.0764034681607826,-0.0471782391601446
439,"Avg_Access_time_days",1.18938053097345,3.08318584070796,-1.89380530973451
439,"Fraction_overtime",0,0.00353982300884956,-0.00353982300884956
439,"Avg_Overtime_amount",0,0.00198155930456107,-0.00198155930456107
440,"Avg_Waiting_room_delay",0.0332432409578847,0.0466680128798882,-0.0134247719220034
440,"Avg_Access_time_days",1.1123595505618,2.52434456928839,-1.41198501872659
440,"Fraction_overtime",0.00187265917602996,0.00374531835205993,-0.00187265917602996
440,"Avg_Overtime_amount",0.000341392908575753,0.00199197588969479,-0.00165058298111904
441,"Avg_Waiting_room_delay",0.0446800206809701,0.0773566907411031,-0.032676670060133
441,"Avg_Access_time_days",1.11855670103093,2.74914089347079,-1.63058419243986
441,"Fraction_overtime",0.00859106529209622,0.013745704467354,-0.00515463917525773
441,"Avg_Overtime_amount",0.00302340741141194,0.00370383734254922,-0.000680429931137276
442,"Avg_Waiting_room_delay",0.036270592564386,0.0597441384236431,-0.0234735458592571
442,"Avg_Access_time_days",1.11298482293423,2.79595278246206,-1.68296795952782
442,"Fraction_overtime",0.00168634064080944,0.0101180438448567,-0.00843170320404722
442,"Avg_Overtime_amount",0.000162637343268848,0.00475788456076769,-0.00459524721749884
443,"Avg_Waiting_room_delay",0.0498046365529187,0.0394981483853591,0.0103064881675596
443,"Avg_Access_time_days",1.10356536502547,2.23089983022071,-1.12733446519525
443,"Fraction_overtime",0.00169779286926995,0.00848896434634975,-0.0067911714770798
443,"Avg_Overtime_amount",8.15581780645709e-05,0.000570769480991477,-0.000489211302926906
444,"Avg_Waiting_room_delay",0.047603515366359,0.0817283378582405,-0.0341248224918815
444,"Avg_Access_time_days",1.12966252220249,2.59325044404973,-1.46358792184725
444,"Fraction_overtime",0.00177619893428064,0.00710479573712256,-0.00532859680284192
444,"Avg_Overtime_amount",0.000817201439781645,0.00116359352580867,-0.000346392086027028
445,"Avg_Waiting_room_delay",0.033208824581613,0.0590934130982115,-0.0258845885165985
445,"Avg_Access_time_days",1.11343804537522,2.60383944153578,-1.49040139616056
445,"Fraction_overtime",0.00174520069808028,0.00523560209424084,-0.00349040139616056
445,"Avg_Overtime_amount",0.000173418170690411,0.00163896977658065,-0.00146555160589024
446,"Avg_Waiting_room_delay",0.0413293035399116,0.0638457105917949,-0.0225164070518833
446,"Avg_Access_time_days",1.0456204379562,2.32846715328467,-1.28284671532847
446,"Fraction_overtime",0.00182481751824818,0,0.00182481751824818
446,"Avg_Overtime_amount",0.000215935432816498,0,0.000215935432816498
447,"Avg_Waiting_room_delay",0.0546131052324858,0.064301463705797,-0.00968835847331116
447,"Avg_Access_time_days",1.10526315789474,2.24912280701754,-1.14385964912281
447,"Fraction_overtime",0.00350877192982456,0,0.00350877192982456
447,"Avg_Overtime_amount",0.000477923065889709,0,0.000477923065889709
448,"Avg_Waiting_room_delay",0.0531051134174558,0.0562640358974774,-0.00315892248002164
448,"Avg_Access_time_days",1.03254972875226,2.62025316455696,-1.5877034358047
448,"Fraction_overtime",0.00180831826401447,0.0054249547920434,-0.00361663652802893
448,"Avg_Overtime_amount",0.000863180719974513,0.00147277560889241,-0.000609594888917895
449,"Avg_Waiting_room_delay",0.0439173549617608,0.0590433776546052,-0.0151260226928444
449,"Avg_Access_time_days",1.0754039497307,2.03770197486535,-0.96229802513465
449,"Fraction_overtime",0,0.00359066427289048,-0.00359066427289048
449,"Avg_Overtime_amount",0,0.00285265202807548,-0.00285265202807548
450,"Avg_Waiting_room_delay",0.0493302100734454,0.0896992922755494,-0.040369082202104
450,"Avg_Access_time_days",1.06597222222222,2.27777777777778,-1.21180555555556
450,"Fraction_overtime",0.00520833333333333,0.00694444444444444,-0.00173611111111111
450,"Avg_Overtime_amount",0.00146365582284423,0.00247547699125842,-0.00101182116841419
451,"Avg_Waiting_room_delay",0.0486167790027262,0.0632649303858797,-0.0146481513831535
451,"Avg_Access_time_days",1.12241379310345,2.27241379310345,-1.15
451,"Fraction_overtime",0.00172413793103448,0.00344827586206897,-0.00172413793103448
451,"Avg_Overtime_amount",0.000742064397020529,0.000447061373067286,0.000295003023953243
452,"Avg_Waiting_room_delay",0.0402695555237769,0.0626153228397837,-0.0223457673160068
452,"Avg_Access_time_days",1.1903052064632,2.52064631956912,-1.33034111310592
452,"Fraction_overtime",0.00179533213644524,0.00538599640933573,-0.00359066427289048
452,"Avg_Overtime_amount",9.53753013817415e-05,0.00113333447976424,-0.00103795917838249
453,"Avg_Waiting_room_delay",0.0492687450284426,0.0452154698795447,0.00405327514889798
453,"Avg_Access_time_days",1.09363957597173,2.57067137809187,-1.47703180212014
453,"Fraction_overtime",0.00353356890459364,0.00530035335689046,-0.00176678445229682
453,"Avg_Overtime_amount",0.000176213350334558,0.000515954042454748,-0.00033974069212019
454,"Avg_Waiting_room_delay",0.0530955748828607,0.0556442146337427,-0.00254863975088198
454,"Avg_Access_time_days",1.1433506044905,2.56476683937824,-1.42141623488774
454,"Fraction_overtime",0,0.00172711571675302,-0.00172711571675302
454,"Avg_Overtime_amount",0,0.000270940138355499,-0.000270940138355499
455,"Avg_Waiting_room_delay",0.0433849710696932,0.0669066055431116,-0.0235216344734184
455,"Avg_Access_time_days",1.08781362007168,2.67921146953405,-1.59139784946237
455,"Fraction_overtime",0,0.00537634408602151,-0.00537634408602151
455,"Avg_Overtime_amount",0,0.00197452377150069,-0.00197452377150069
456,"Avg_Waiting_room_delay",0.0330037076073826,0.0434588902391143,-0.0104551826317317
456,"Avg_Access_time_days",1.11423550087873,1.81195079086116,-0.697715289982425
456,"Fraction_overtime",0.00175746924428822,0.0070298769771529,-0.00527240773286467
456,"Avg_Overtime_amount",0.000581250864875033,0.00183423144690928,-0.00125298058203425
457,"Avg_Waiting_room_delay",0.0458474796725142,0.0655239415781957,-0.0196764619056815
457,"Avg_Access_time_days",1.09636363636364,2.60363636363636,-1.50727272727273
457,"Fraction_overtime",0.00363636363636364,0.00363636363636364,0
457,"Avg_Overtime_amount",0.00037787347507508,0.000834052106763246,-0.000456178631688166
458,"Avg_Waiting_room_delay",0.0583322938828632,0.0744533399576705,-0.0161210460748073
458,"Avg_Access_time_days",1.02288732394366,1.85915492957746,-0.836267605633803
458,"Fraction_overtime",0.00528169014084507,0.00352112676056338,0.00176056338028169
458,"Avg_Overtime_amount",0.00138874503901901,0.00112085724077747,0.000267887798241537
459,"Avg_Waiting_room_delay",0.0358139716799626,0.0572002662586949,-0.0213862945787323
459,"Avg_Access_time_days",1.11221122112211,2.97524752475248,-1.86303630363036
459,"Fraction_overtime",0.0033003300330033,0.0033003300330033,0
459,"Avg_Overtime_amount",0.000816571182542592,0.000712371302573127,0.000104199879969465
460,"Avg_Waiting_room_delay",0.0476180308265032,0.050824617087411,-0.00320658626090777
460,"Avg_Access_time_days",1.07269503546099,2.23581560283688,-1.16312056737589
460,"Fraction_overtime",0,0.00354609929078014,-0.00354609929078014
460,"Avg_Overtime_amount",0,0.000200600238078689,-0.000200600238078689
461,"Avg_Waiting_room_delay",0.0416231984636118,0.0589431845545629,-0.0173199860909511
461,"Avg_Access_time_days",1.08828828828829,1.83783783783784,-0.74954954954955
461,"Fraction_overtime",0.0018018018018018,0.0036036036036036,-0.0018018018018018
461,"Avg_Overtime_amount",0.000318618094587707,0.000250638678478848,6.79794161088589e-05
462,"Avg_Waiting_room_delay",0.032487542322837,0.0431197516150138,-0.0106322092921768
462,"Avg_Access_time_days",1.27158273381295,2.60971223021583,-1.33812949640288
462,"Fraction_overtime",0.00179856115107914,0.00179856115107914,0
462,"Avg_Overtime_amount",3.48971885488849e-06,7.35567377926853e-05,-7.00670189377968e-05
463,"Avg_Waiting_room_delay",0.0439571373840814,0.0688947607049678,-0.0249376233208864
463,"Avg_Access_time_days",1.07167832167832,2.65559440559441,-1.58391608391608
463,"Fraction_overtime",0.0034965034965035,0.00174825174825175,0.00174825174825175
463,"Avg_Overtime_amount",0.000267313326941522,0.00049400948781249,-0.000226696160870968
464,"Avg_Waiting_room_delay",0.0454240585416214,0.083974723478046,-0.0385506649364246
464,"Avg_Access_time_days",1.32984293193717,2.74869109947644,-1.41884816753927
464,"Fraction_overtime",0.00349040139616056,0.0087260034904014,-0.00523560209424084
464,"Avg_Overtime_amount",0.000619469372853967,0.00305942860567118,-0.00243995923281722
465,"Avg_Waiting_room_delay",0.0351796924714653,0.0717161343102659,-0.0365364418388006
465,"Avg_Access_time_days",1.14736842105263,2.5719298245614,-1.42456140350877
465,"Fraction_overtime",0.00526315789473684,0.00526315789473684,0
465,"Avg_Overtime_amount",0.000336894844007617,0.000370007513050752,-3.31126690431342e-05
466,"Avg_Waiting_room_delay",0.0338417709376078,0.0507953705363175,-0.0169535995987097
466,"Avg_Access_time_days",1.13345521023766,2.54661791590494,-1.41316270566728
466,"Fraction_overtime",0.0036563071297989,0,0.0036563071297989
466,"Avg_Overtime_amount",0.00208628875942898,0,0.00208628875942898
467,"Avg_Waiting_room_delay",0.0281945116175646,0.0652068809154349,-0.0370123692978703
467,"Avg_Access_time_days",1.14409722222222,2.54513888888889,-1.40104166666667
467,"Fraction_overtime",0,0.00868055555555556,-0.00868055555555556
467,"Avg_Overtime_amount",0,0.00174953129004877,-0.00174953129004877
468,"Avg_Waiting_room_delay",0.0412604447061554,0.0575462308296138,-0.0162857861234583
468,"Avg_Access_time_days",1.03730017761989,2.02486678507993,-0.987566607460036
468,"Fraction_overtime",0.00177619893428064,0.00710479573712256,-0.00532859680284192
468,"Avg_Overtime_amount",3.55005259609947e-05,0.00378976956489801,-0.00375426903893701
469,"Avg_Waiting_room_delay",0.0340688404069328,0.0670133145227621,-0.0329444741158293
469,"Avg_Access_time_days",1.2280701754386,1.96881091617934,-0.740740740740741
469,"Fraction_overtime",0.00584795321637427,0.00194931773879142,0.00389863547758285
469,"Avg_Overtime_amount",0.00126320671632895,0.000109553506892394,0.00115365320943655
470,"Avg_Waiting_room_delay",0.0642450459346972,0.0786319411033119,-0.0143868951686148
470,"Avg_Access_time_days",1.13074204946996,2.41519434628975,-1.28445229681979
470,"Fraction_overtime",0.00530035335689046,0.00530035335689046,0
470,"Avg_Overtime_amount",0.00204613196139437,0.000452435800570004,0.00159369616082436
471,"Avg_Waiting_room_delay",0.0370182817012187,0.0675195292361585,-0.0305012475349398
471,"Avg_Access_time_days",1.09,2.27833333333333,-1.18833333333333
471,"Fraction_overtime",0.00166666666666667,0.005,-0.00333333333333333
471,"Avg_Overtime_amount",0.000180609726381024,0.00164396924918445,-0.00146335952280342
472,"Avg_Waiting_room_delay",0.0311398981695665,0.0544941388731031,-0.0233542407035366
472,"Avg_Access_time_days",1.16949152542373,3.03050847457627,-1.86101694915254
472,"Fraction_overtime",0.00169491525423729,0.00169491525423729,0
472,"Avg_Overtime_amount",0.000673987653556359,0.000477166957932322,0.000196820695624037
473,"Avg_Waiting_room_delay",0.0422492431149259,0.0588300650051477,-0.0165808218902218
473,"Avg_Access_time_days",1.11669658886894,2.04129263913824,-0.9245960502693
473,"Fraction_overtime",0,0,0
473,"Avg_Overtime_amount",0,0,0
474,"Avg_Waiting_room_delay",0.0531889292182273,0.0661735203208222,-0.012984591102595
474,"Avg_Access_time_days",1.21287128712871,3.07095709570957,-1.85808580858086
474,"Fraction_overtime",0.0066006600660066,0.0033003300330033,0.0033003300330033
474,"Avg_Overtime_amount",0.0016889077998546,0.001523480064209,0.000165427735645594
475,"Avg_Waiting_room_delay",0.0485571845198417,0.0806277113403906,-0.0320705268205489
475,"Avg_Access_time_days",1.0885860306644,2.18057921635434,-1.09199318568995
475,"Fraction_overtime",0.00340715502555366,0.00511073253833049,-0.00170357751277683
475,"Avg_Overtime_amount",0.000432340147083237,0.00173730062729053,-0.00130496048020729
476,"Avg_Waiting_room_delay",0.0411409032252839,0.0658793484878524,-0.0247384452625686
476,"Avg_Access_time_days",1.15745393634841,2.7286432160804,-1.57118927973199
476,"Fraction_overtime",0.0033500837520938,0.0033500837520938,0
476,"Avg_Overtime_amount",0.000355973206869533,0.000518359519191773,-0.00016238631232224
477,"Avg_Waiting_room_delay",0.0418394029837237,0.0479810816866656,-0.00614167870294189
477,"Avg_Access_time_days",1.18067978533095,3.1216457960644,-1.94096601073345
477,"Fraction_overtime",0.0035778175313059,0.0035778175313059,0
477,"Avg_Overtime_amount",0.000728716157762875,0.000707122562574631,2.15935951882435e-05
478,"Avg_Waiting_room_delay",0.0320476073487695,0.0515264048079309,-0.0194787974591614
478,"Avg_Access_time_days",1.25354609929078,2.28191489361702,-1.02836879432624
478,"Fraction_overtime",0,0.00531914893617021,-0.00531914893617021
478,"Avg_Overtime_amount",0,0.00115710940813892,-0.00115710940813892
479,"Avg_Waiting_room_delay",0.0359225012963369,0.0586229168370986,-0.0227004155407617
479,"Avg_Access_time_days",1.25594149908592,1.93967093235832,-0.683729433272395
479,"Fraction_overtime",0.0036563071297989,0.00548446069469835,-0.00182815356489945
479,"Avg_Overtime_amount",0.00128101437527395,0.00046435595537826,0.000816658419895689
480,"Avg_Waiting_room_delay",0.0457581170522931,0.0623792700519266,-0.0166211529996335
480,"Avg_Access_time_days",1.10088495575221,1.64955752212389,-0.548672566371681
480,"Fraction_overtime",0.00530973451327434,0.00176991150442478,0.00353982300884956
480,"Avg_Overtime_amount",0.000239678707385706,2.19264829550978e-05,0.000217752224430609
481,"Avg_Waiting_room_delay",0.048187585340666,0.0601027650342874,-0.0119151796936214
481,"Avg_Access_time_days",1.13686131386861,2.57481751824818,-1.43795620437956
481,"Fraction_overtime",0.00364963503649635,0.00182481751824818,0.00182481751824818
481,"Avg_Overtime_amount",0.000431983512535598,0.00106804611828848,-0.000636062605752883
482,"Avg_Waiting_room_delay",0.040298669400762,0.0533128122097566,-0.0130141428089946
482,"Avg_Access_time_days",1.19554030874786,3.07032590051458,-1.87478559176672
482,"Fraction_overtime",0,0.00171526586620926,-0.00171526586620926
482,"Avg_Overtime_amount",0,0.000730110200682786,-0.000730110200682786
483,"Avg_Waiting_room_delay",0.0456390672093517,0.0682230452782505,-0.0225839780688987
483,"Avg_Access_time_days",1.10294117647059,1.95588235294118,-0.852941176470588
483,"Fraction_overtime",0,0.00367647058823529,-0.00367647058823529
483,"Avg_Overtime_amount",0,0.00198172331958054,-0.00198172331958054
484,"Avg_Waiting_room_delay",0.0569340713165799,0.0641498426771578,-0.00721577136057792
484,"Avg_Access_time_days",1.14507772020725,2.56131260794473,-1.41623488773748
484,"Fraction_overtime",0.00518134715025907,0.00690846286701209,-0.00172711571675302
484,"Avg_Overtime_amount",0.000903141499805327,0.00181631717672068,-0.000913175676915349
485,"Avg_Waiting_room_delay",0.0388678287330026,0.0595734948464186,-0.0207056661134161
485,"Avg_Access_time_days",1.14384748700173,2.40727902946274,-1.26343154246101
485,"Fraction_overtime",0.00173310225303293,0.00173310225303293,0
485,"Avg_Overtime_amount",0.000479797940063093,0.000929415822322208,-0.000449617882259115
486,"Avg_Waiting_room_delay",0.0499655125398508,0.078820117395308,-0.0288546048554571
486,"Avg_Access_time_days",1.17350746268657,2.33768656716418,-1.16417910447761
486,"Fraction_overtime",0,0.00932835820895522,-0.00932835820895522
486,"Avg_Overtime_amount",0,0.00559613788984917,-0.00559613788984917
487,"Avg_Waiting_room_delay",0.0471546726445345,0.0663221936549932,-0.0191675210104587
487,"Avg_Access_time_days",1.13358070500928,2.9721706864564,-1.83858998144712
487,"Fraction_overtime",0,0.00742115027829314,-0.00742115027829314
487,"Avg_Overtime_amount",0,0.0017533430887426,-0.0017533430887426
488,"Avg_Waiting_room_delay",0.045981173223504,0.0540471046851119,-0.0080659314616079
488,"Avg_Access_time_days",1.19285714285714,2.60892857142857,-1.41607142857143
488,"Fraction_overtime",0,0.00178571428571429,-0.00178571428571429
488,"Avg_Overtime_amount",0,0.00105663064661181,-0.00105663064661181
489,"Avg_Waiting_room_delay",0.0419580817746264,0.0631641057472403,-0.0212060239726139
489,"Avg_Access_time_days",1.11408199643494,2.38502673796791,-1.27094474153298
489,"Fraction_overtime",0,0.0035650623885918,-0.0035650623885918
489,"Avg_Overtime_amount",0,0.00108267746407296,-0.00108267746407296
490,"Avg_Waiting_room_delay",0.0461245913059353,0.0631919688566604,-0.0170673775507251
490,"Avg_Access_time_days",1.13780260707635,2.11173184357542,-0.973929236499069
490,"Fraction_overtime",0.0037243947858473,0.00186219739292365,0.00186219739292365
490,"Avg_Overtime_amount",0.000461884176388151,0.00118404181912289,-0.000722157642734744
491,"Avg_Waiting_room_delay",0.033115294765456,0.0474394206217254,-0.0143241258562694
491,"Avg_Access_time_days",1.20598591549296,2.39788732394366,-1.1919014084507
491,"Fraction_overtime",0.00352112676056338,0.00176056338028169,0.00176056338028169
491,"Avg_Overtime_amount",0.000899720820046151,0.00121117819299127,-0.000311457372945114
492,"Avg_Waiting_room_delay",0.0445557666354421,0.0876914818997638,-0.0431357152643217
492,"Avg_Access_time_days",1.11130136986301,2.10787671232877,-0.996575342465754
492,"Fraction_overtime",0.00342465753424658,0.00856164383561644,-0.00513698630136986
492,"Avg_Overtime_amount",0.00169839244596704,0.00441082737354418,-0.00271243492757714
493,"Avg_Waiting_room_delay",0.0329588399978449,0.0604942228272512,-0.0275353828294063
493,"Avg_Access_time_days",1.07470288624788,2.25127334465195,-1.17657045840407
493,"Fraction_overtime",0.00169779286926995,0,0.00169779286926995
493,"Avg_Overtime_amount",0.000131456269884022,0,0.000131456269884022
494,"Avg_Waiting_room_delay",0.0399576107131204,0.0815500171179365,-0.0415924064048161
494,"Avg_Access_time_days",1.16820702402957,2.3456561922366,-1.17744916820702
494,"Fraction_overtime",0,0.00369685767097967,-0.00369685767097967
494,"Avg_Overtime_amount",0,0.00200895642409659,-0.00200895642409659
495,"Avg_Waiting_room_delay",0.0437251200303261,0.0657367833320307,-0.0220116633017046
495,"Avg_Access_time_days",1.03804347826087,2.55797101449275,-1.51992753623188
495,"Fraction_overtime",0,0.00181159420289855,-0.00181159420289855
495,"Avg_Overtime_amount",0,0.000297012161542776,-0.000297012161542776
496,"Avg_Waiting_room_delay",0.033925431455806,0.0615648716063178,-0.0276394401505118
496,"Avg_Access_time_days",1.29928315412186,2.42831541218638,-1.12903225806452
496,"Fraction_overtime",0.003584229390681,0.00537634408602151,-0.0017921146953405
496,"Avg_Overtime_amount",0.00103983426209209,0.00274601295830206,-0.00170617869620997
497,"Avg_Waiting_room_delay",0.0457517436923396,0.07325329403217,-0.0275015503398304
497,"Avg_Access_time_days",1.13207547169811,2.79245283018868,-1.66037735849057
497,"Fraction_overtime",0,0.00343053173241852,-0.00343053173241852
497,"Avg_Overtime_amount",0,0.0010063669837492,-0.0010063669837492
498,"Avg_Waiting_room_delay",0.0344318376583146,0.0518593448507307,-0.0174275071924161
498,"Avg_Access_time_days",1.04761904761905,2.59157509157509,-1.54395604395604
498,"Fraction_overtime",0.00183150183150183,0,0.00183150183150183
498,"Avg_Overtime_amount",1.5364603288173e-05,0,1.5364603288173e-05
499,"Avg_Waiting_room_delay",0.0521673333861531,0.0673202014834763,-0.0151528680973231
499,"Avg_Access_time_days",1.04735883424408,2.31693989071038,-1.2695810564663
499,"Fraction_overtime",0.00728597449908925,0.00728597449908925,0
499,"Avg_Overtime_amount",0.00264801717712424,0.00330981905925869,-0.000661801882134446
500,"Avg_Waiting_room_delay",0.0320183574257407,0.0736631665965576,-0.0416448091708169
500,"Avg_Access_time_days",1.20626151012891,2.9963167587477,-1.79005524861878
500,"Fraction_overtime",0,0.00184162062615101,-0.00184162062615101
500,"Avg_Overtime_amount",0,0.000412501022953714,-0.000412501022953714
